Area,Perimeter,Major Axis Length,Minor Axis Length,Roundess,Aspect Ratio,Color R,Color G,Color B,Class
48847,346,344.0,190.0,5.127380679270962,0.5654,200.07483,200.15532,192.58917,1
47636,320,338.0,186.2,5.845816704937632,0.591,215.78612,205.81258,134.81004,1
47381,347,310.0,201.8,4.944872942047122,0.6514,196.01926,195.79155,185.00032,1
45008,331,303.8,195.2,5.162304183158949,0.7,196.10551,193.9123,172.66858,1
44584,361,312.0,187.8,4.299069739110268,0.619,205.04877,196.42772,115.61008,1
46706,372,293.8,205.8,4.241277213509217,0.718,194.44879,185.80522,106.81869,1
50651,352,307.2,213.9,5.137035430558387,0.683,192.57169,187.87173,116.61464,1
38106,281,303.5,163.8,6.0644383762967875,0.55,206.80554,191.38051,105.88389,1
44803,375,341.0,174.0,4.00363450762762,0.522,204.51129,196.38475,165.65683,1
44919,293,297.8,196.6,6.575135431122082,0.65,198.66388,187.94612,120.21491,1
43067,320,299.8,186.0,5.285116047349672,0.6,200.16937,178.33736,88.464905,1
40341,306,265.5,198.6,5.413942895402018,0.722,193.32991,192.64087,188.77151,1
44780,324,317.2,187.2,5.360483121008647,0.591,206.16623,195.9976,170.42036,1
48675,296,308.0,206.4,6.981237327131263,0.7,205.17955,198.72171,137.11505,1
47356,304,301.2,205.9,6.439285911677556,0.6665,208.17944,208.19035,205.85341,1
57372,347,343.2,219.0,5.987574142190488,0.6523,212.787,205.62122,153.40746,1
45103,327,300.8,194.9,5.300535998835132,0.65,215.4014,199.11147,119.10269,1
47899,331,334.0,189.5,5.493894598052135,0.591,216.13441,215.99614,213.63605,1
44020,299,327.2,176.4,6.1875329632117175,0.5815,194.24113,194.609,192.30588,1
47099,345,312.8,196.8,4.9725981059920406,0.6465,183.32167,181.7923,151.05382,1
42238,235,287.8,192.9,9.611197139145364,0.671,211.53752,211.70729,207.41277,1
51962,323,314.0,215.5,6.25879429366074,0.6816,207.52873,207.2012,215.73767,1
50252,360,320.5,202.0,4.872571420623281,0.6514,202.15968,193.06105,132.03633,1
52615,358,313.8,217.1,5.158855761949595,0.7075,210.325,204.39688,158.17122,1
52996,306,323.5,214.8,7.1123005796763925,0.6743,206.7318,200.25128,148.26572,1
44619,286,286.0,203.8,6.854844863344075,0.718,200.48613,199.65558,191.07681,1
41888,332,323.8,171.9,4.775549175263799,0.5454,215.43906,201.21907,118.615036,1
47962,369,298.5,207.8,4.426438314979286,0.718,199.08354,187.61296,139.13751,1
40198,309,297.5,177.5,5.290507702642516,0.6,185.3506,186.04771,185.62837,1
41910,347,291.0,191.1,4.373897237314427,0.6665,195.85643,195.31076,184.43794,1
46405,309,320.8,190.0,6.107418526820387,0.6045,207.78079,197.48311,120.202675,1
53836,346,330.8,212.2,5.651066928352438,0.636,200.85927,200.75613,201.85138,1
45577,370,320.5,185.8,4.183619236600789,0.5684,216.19649,215.03215,194.42332,1
45463,304,307.5,194.1,6.181883085619493,0.675,216.74226,212.73807,197.34816,1
52951,327,322.2,211.5,6.2228384292468135,0.6665,195.43233,192.94601,147.32059,1
44342,311,293.5,196.9,5.76108607005629,0.65,209.57005,209.53519,202.64406,1
46069,319,313.2,193.5,5.689017677036515,0.636,228.00223,222.24472,174.06168,1
44980,301,303.0,194.2,6.238731915032677,0.65,197.79161,196.87636,197.1163,1
47992,305,295.5,210.0,6.483044972043273,0.718,199.1358,199.3196,202.33363,1
43420,292,314.8,180.1,6.399322247085232,0.5713,213.28304,199.64307,125.14911,1
51547,365,325.2,207.9,4.8621407848254625,0.6904,203.47507,196.69753,136.61905,1
37412,310,308.0,156.9,4.892123386310149,0.55,190.29373,181.1839,131.96315,1
49781,326,333.0,195.1,5.886244265435414,0.636,201.8989,194.31587,134.3623,1
47138,223,305.5,203.9,11.911632609134763,0.6875,217.8484,211.26294,169.27022,1
41582,337,322.8,169.1,4.601033934315554,0.5713,204.59189,189.1641,126.806,1
51498,388,341.0,200.4,4.298696420304155,0.6514,199.30072,194.6156,153.99475,1
50665,356,319.5,206.6,5.023633120632713,0.6665,216.77257,208.70645,162.08984,1
44332,326,304.8,188.8,5.241939309682063,0.6343,186.85765,181.76384,159.85898,1
53222,349,334.5,208.0,5.490984284508533,0.636,212.4136,209.26868,168.25233,1
35908,319,321.5,148.2,4.434245300462939,0.476,202.72108,200.6013,187.67317,1
39513,246,314.8,167.6,8.20502019441427,0.5615,212.74425,201.6239,123.221054,1
37148,309,294.8,164.2,4.889093490665311,0.579,203.7992,192.73344,122.37431,1
50168,336,313.8,207.2,5.584163132273694,0.6904,204.5304,190.38351,126.22569,1
50477,334,312.2,218.5,5.6860472722310575,0.7144,226.73148,218.47388,161.07405,1
56549,388,362.8,206.8,4.720318922516984,0.5957,211.42664,207.3674,181.5861,1
55463,342,329.5,220.0,5.958830181801262,0.6816,216.31317,206.90019,149.14915,1
44166,324,298.0,193.8,5.286982972810807,0.65,189.92227,191.32547,186.64886,1
48672,331,300.5,208.9,5.582555750149137,0.718,196.61751,190.95901,156.95363,1
43642,318,313.2,187.4,5.423258043114028,0.619,201.25888,200.39969,186.45721,1
47149,343,324.0,189.8,5.036097273214567,0.6045,208.95724,207.05127,203.31415,1
51426,353,337.8,207.1,5.186127608872833,0.6304,209.92668,207.66322,187.02277,1
47874,355,351.0,181.8,4.7736752770627335,0.533,209.0363,196.17934,122.844536,1
47491,355,312.2,202.4,4.735485077139706,0.6665,221.68959,214.9442,156.62735,1
46922,366,340.2,181.6,4.401738197370488,0.5684,196.97348,189.14384,140.1089,1
47191,337,311.2,197.9,5.22166784652699,0.675,201.3949,196.82022,165.44618,1
45701,332,306.5,196.5,5.21026004723861,0.6665,200.14322,191.1563,139.8903,1
42392,337,284.2,194.4,4.690660154478018,0.684,187.30386,187.04596,181.3384,1
49929,338,314.2,207.2,5.491984860512054,0.6665,210.16025,209.89308,207.8223,1
49484,361,306.0,216.4,4.771558562940349,0.75,224.06851,219.96463,180.62102,1
47497,324,298.0,208.5,5.68572726213818,0.6665,200.33966,201.63461,198.59923,1
46488,351,323.0,191.6,4.741726423651831,0.591,212.05075,202.09738,141.32455,1
39444,311,319.8,161.6,5.124718753040014,0.524,194.36172,178.32767,107.468834,1
46831,324,329.2,186.2,5.606002345689056,0.5684,209.26653,194.302,100.840515,1
43074,385,322.2,175.9,3.6517716164136074,0.5713,211.91498,198.84131,119.28846,1
50487,331,313.0,208.9,5.790731676482978,0.6665,210.68802,211.78915,202.14488,1
49630,332,316.5,208.1,5.658195797563558,0.6904,203.02676,203.66725,197.75964,1
53940,331,343.2,202.9,6.186782075177606,0.659,199.66818,195.01366,172.52547,1
44770,300,281.2,207.5,6.251071248942891,0.737,203.00294,203.52429,196.0524,1
39009,372,306.5,166.8,3.5423282409493653,0.575,201.79729,202.03299,194.82439,1
49944,341,324.8,201.1,5.3973978032830345,0.643,222.5036,222.94682,193.73619,1
47565,331,302.2,204.0,5.455585639707505,0.675,192.54231,185.7634,125.9913,1
45504,376,306.0,196.0,4.0446761008643595,0.619,217.48026,208.06117,134.54984,1
44954,326,313.8,186.6,5.315486324267965,0.6045,203.17827,187.2948,118.623695,1
43462,294,328.2,173.9,6.318658887978138,0.5454,203.94627,191.94197,123.44131,1
46893,312,303.5,200.5,6.053529927054001,0.643,218.40228,211.44928,163.85815,1
45454,341,324.0,186.6,4.912168023194519,0.591,217.30334,211.58047,158.24907,1
53754,369,347.2,203.0,4.9609850544889,0.622,195.18959,190.00928,149.22838,1
35945,320,320.8,148.8,4.41111515364395,0.524,210.05536,202.06746,155.44017,1
31683,298,306.8,137.1,4.483360210967318,0.51,199.14874,185.98572,127.64799,1
44335,340,336.8,173.8,4.819464024114307,0.5454,217.99693,210.01685,172.67422,1
39546,350,293.8,177.8,4.056732182166921,0.6,222.14127,212.72676,121.85665,1
53566,385,325.0,216.5,4.541273120787745,0.659,206.7023,199.60782,134.52826,1
46500,326,300.0,204.2,5.498289675634212,0.7,208.93733,202.79317,151.97543,1
41873,305,313.0,175.8,5.65645403638873,0.5713,216.6812,206.58002,170.35933,1
50783,341,306.8,213.1,5.488067688693783,0.725,194.02583,194.06783,190.67091,1
49434,321,305.5,210.2,6.0287260891318155,0.683,200.69043,202.26645,202.93745,1
50170,355,304.5,216.9,5.002617049969448,0.725,232.91301,225.1367,161.14622,1
58655,349,310.2,246.0,6.05151409582218,0.7856,213.42273,212.88106,174.84793,1
43560,353,301.8,187.9,4.392869728201699,0.65,218.91653,212.45966,170.91034,1
42027,294,278.5,195.4,6.110033525494851,0.684,203.8508,203.0339,197.52309,1
48066,341,333.0,190.1,5.194444233793896,0.591,202.87386,193.89491,121.344765,1
42873,303,319.8,176.8,5.868248291010912,0.5454,191.55936,187.77129,154.15187,1
39919,346,288.8,186.8,4.190224769910486,0.684,213.73349,213.57721,201.47246,1
48197,295,311.0,200.8,6.959624987075772,0.6665,212.22537,195.94476,86.23535,1
44083,310,319.2,180.2,5.764446574326695,0.5713,206.0756,192.90784,130.5354,1
46103,304,306.5,196.2,6.268907812865748,0.65,194.51884,186.13663,126.65524,1
46442,325,292.5,207.2,5.525277008966331,0.7,213.15207,214.00603,211.18341,1
44258,341,294.5,197.6,4.782917507162032,0.684,224.7713,216.04897,154.93147,1
45893,319,297.8,199.9,5.6672836018198085,0.65,214.7614,208.31087,169.98679,1
50003,322,311.2,209.4,6.060300816228171,0.7,218.9446,215.1071,166.2227,1
46719,303,289.2,208.6,6.394670116570773,0.718,208.59392,209.80655,210.33893,1
41059,315,315.0,170.0,5.199925533433845,0.5854,220.19592,206.58588,112.33568,1
41083,308,325.2,165.5,5.44215091024749,0.523,196.18709,190.00905,169.30846,1
43010,341,319.8,173.6,4.648047403475959,0.5713,204.38837,192.95174,148.92635,1
53775,389,345.0,207.9,4.465715794814761,0.592,210.78252,208.96365,168.172,1
40761,316,282.0,187.1,5.129564899574329,0.641,197.49391,185.83644,121.60011,1
44431,317,314.0,188.2,5.556194337356251,0.65,209.974,210.32654,204.87479,1
41701,324,311.5,174.6,4.991905016283645,0.5713,205.93561,191.3812,110.25596,1
50452,400,314.2,214.2,3.962490813972806,0.6816,213.48192,204.92017,154.21506,1
45912,370,335.0,180.4,4.214369668710433,0.522,215.67532,205.87485,170.16817,1
47818,350,287.8,218.8,4.90529559214226,0.75,217.49275,215.93726,219.88744,1
49568,314,308.2,207.8,6.317597657233107,0.6665,201.45668,198.45358,177.74254,1
48179,360,313.0,204.5,4.671567668435267,0.636,216.68484,207.39745,135.20258,1
46758,331,323.0,188.9,5.3630247732879965,0.619,199.50644,196.88911,147.80919,1
50799,335,330.8,201.0,5.688207269671032,0.609,193.37883,186.18764,156.50217,1
51318,302,315.8,210.4,7.070753554533618,0.6665,215.78638,205.49515,145.65758,1
44080,335,291.8,201.1,4.935848667239496,0.737,214.66393,206.72032,126.63491,1
44420,291,311.5,186.9,6.591775990952332,0.619,206.20035,206.36424,197.52248,1
44752,298,289.5,201.4,6.332712690124338,0.737,197.93315,196.6667,181.93283,1
50755,336,322.5,205.0,5.649501669959961,0.636,214.65565,204.05623,126.57677,1
52291,339,333.5,206.1,5.717911311209052,0.636,208.13342,205.3942,170.13283,1
49647,318,311.2,208.1,6.169481051887681,0.7,219.09239,211.80383,157.33498,1
50769,328,318.0,209.1,5.93008318821015,0.683,209.21034,209.58415,177.40228,1
41373,335,326.2,172.4,4.63273291537431,0.533,219.38037,211.95555,168.33339,1
48918,353,321.2,198.0,4.933204806340008,0.591,212.64502,205.25363,169.26083,1
48776,345,339.5,188.8,5.149651695744449,0.609,195.6214,195.68913,197.25043,1
49368,357,325.0,202.5,4.867645760183945,0.6665,229.32497,225.05075,193.19061,1
47641,322,318.5,195.2,5.774029381955609,0.619,206.29398,204.88806,206.56125,1
47996,356,332.0,190.0,4.7589913205938545,0.591,204.18198,193.36334,122.31962,1
46488,320,292.8,205.8,5.704935909378215,0.7,210.2826,210.37634,200.44763,1
49367,323,299.2,216.9,5.946227972271078,0.75,206.15024,205.50456,205.85292,1
44409,336,335.8,177.0,4.943133083661746,0.522,215.91759,204.30817,123.521835,1
43803,339,302.5,187.8,4.789766291807196,0.65,196.6864,190.46712,147.33983,1
48009,357,334.5,190.8,4.73364943487018,0.591,211.23177,201.79086,160.40492,1
43372,382,334.5,170.5,3.735017038225282,0.511,201.82922,185.7215,83.808716,1
42462,327,270.5,204.8,4.990163837938438,0.757,189.03079,189.12776,191.25748,1
48822,398,344.5,191.1,3.873105137081409,0.5625,193.2202,192.13612,191.38536,1
46956,346,346.0,178.6,4.928885851246695,0.522,202.01343,194.87648,166.3851,1
39287,257,282.8,182.1,7.474677925878194,0.6665,175.52849,164.22365,116.2594,1
44547,349,332.5,177.1,4.595973036000181,0.5454,207.23064,195.22943,127.70382,1
42680,279,303.5,183.1,6.890105443414774,0.5854,198.05716,199.16174,196.13611,1
58491,402,318.0,241.4,4.548275931316566,0.744,200.84093,201.5298,187.79752,1
56238,428,319.8,231.8,3.8579109016635247,0.7207,217.39151,210.92366,157.0702,1
42004,342,308.0,179.4,4.5128230163601,0.595,183.05234,182.9963,180.35904,1
40270,331,322.5,163.8,4.618867522569563,0.5713,192.84877,176.9608,103.78748,1
39399,298,303.5,173.2,5.575226744686467,0.5854,210.89735,203.20209,130.12906,1
51944,355,325.0,211.1,5.179508472067232,0.6816,187.70753,184.62413,147.59515,1
49156,318,327.0,198.8,6.108465981561642,0.6816,209.33849,202.66948,170.87485,1
45209,381,337.0,182.5,3.913675498960215,0.5435,202.12704,203.7552,201.81265,1
55469,336,337.5,213.9,6.174213538193461,0.636,205.70177,203.8125,157.3483,1
39715,348,306.2,171.9,4.121031584004447,0.5854,197.15054,198.1192,193.15088,1
52931,364,308.2,226.1,5.020155800844142,0.7144,229.42656,226.5191,190.3073,1
43518,340,304.2,186.0,4.730651525914209,0.65,196.29034,186.49281,147.26207,1
45156,319,311.0,188.1,5.576272161849852,0.595,194.71101,191.75507,165.03712,1
49654,360,302.8,211.6,4.814587704362579,0.683,202.79001,199.61568,181.27238,1
51235,312,302.2,219.9,6.614049129136795,0.75,203.55142,199.25836,159.64268,1
47591,344,285.8,217.5,5.053797186891288,0.769,204.92393,207.68707,208.15648,1
43014,328,323.0,172.8,5.024258863827757,0.558,200.99852,186.0274,104.80126,1
49846,339,307.0,208.6,5.4505556829765425,0.6665,187.1455,177.81616,130.32208,1
47270,332,291.0,214.0,5.389137927681431,0.7,214.2513,202.9693,128.63536,1
50660,329,342.5,194.9,5.881434348568802,0.5654,220.44379,210.46193,139.32437,1
50776,396,349.8,194.2,4.068909003639305,0.5747,201.00414,194.6904,140.91092,1
48744,359,327.2,197.1,4.752718936277057,0.628,196.06938,189.00531,136.27823,1
50372,357,338.2,194.8,4.966639366228846,0.5415,203.89226,204.90408,213.37688,1
54383,368,333.0,217.4,5.046350226848231,0.625,214.95665,212.82352,171.62796,1
48981,296,315.5,201.0,7.025125537138498,0.6665,193.7445,193.7125,192.00208,1
47114,309,327.0,191.0,6.200730879702957,0.591,219.24843,210.45966,150.35413,1
41326,336,326.0,166.9,4.599966624229443,0.5713,191.55885,176.34135,111.22024,1
44509,353,348.5,171.9,4.488572973657701,0.522,208.2363,209.20076,204.71632,1
43655,360,317.5,179.1,4.232908249767359,0.5713,191.59317,181.81892,111.37788,1
45365,314,323.2,184.2,5.781912074733294,0.6045,205.28351,189.23134,129.18213,1
41878,302,276.5,196.4,5.770081011667618,0.684,204.22372,203.98424,202.07832,1
41718,287,317.2,171.4,6.364577077417912,0.5713,208.61168,205.3666,178.94443,1
45718,327,340.0,177.4,5.372811227518004,0.522,209.21695,199.03053,155.09444,1
41329,296,329.8,166.0,5.927633435911822,0.5454,215.46689,210.24727,186.21237,1
43035,335,329.0,172.0,4.8188350134902835,0.5454,211.04053,202.15167,165.03467,1
42603,278,323.8,170.8,6.927243508145849,0.523,209.85464,193.49324,98.10827,1
41354,331,298.0,184.2,4.743199590969499,0.684,208.08995,209.1791,205.91885,1
45243,331,301.5,198.0,5.189258090976278,0.643,205.15799,186.99069,93.121124,1
46650,314,327.5,187.0,5.9456893703583855,0.591,188.53246,187.50435,187.49176,1
45501,299,297.2,204.6,6.395705074036719,0.7,239.68971,236.7857,193.52303,1
44713,373,325.8,179.4,4.038555076798091,0.619,205.548,196.0656,156.82285,1
42678,327,325.2,174.2,5.015548308500227,0.558,207.99643,190.31245,109.331436,1
45149,326,289.0,203.8,5.338543668069012,0.737,212.71292,213.41194,215.09659,1
51617,303,327.8,209.2,7.0650845995640665,0.6304,199.17064,200.6065,170.69409,1
34612,302,273.8,164.2,4.768948946364191,0.6113,218.59361,205.75676,161.08272,1
41613,316,317.5,170.5,5.236784773827594,0.558,199.6689,186.85898,114.68614,1
42525,338,311.5,176.5,4.677575280764188,0.6,198.87183,182.00983,94.23387,1
52451,379,332.8,210.4,4.588652996663577,0.622,196.1058,196.52344,195.16618,1
55647,350,344.5,210.1,5.708414902671387,0.622,211.23224,204.34517,153.25946,1
48264,343,323.2,195.8,5.155193085631252,0.6045,229.01202,219.66847,153.81451,1
42835,291,301.2,187.4,6.356567414958198,0.65,217.18425,217.74332,212.92798,1
46365,310,290.8,208.9,6.062848840111998,0.7,211.41101,211.26645,213.09352,1
44550,307,330.2,178.1,5.939923085334604,0.5454,204.30011,204.66026,205.19206,1
38033,283,290.2,173.8,5.967570747242723,0.6,195.45259,197.45859,192.78111,1
48619,322,313.5,200.8,5.89256175397871,0.683,217.46469,206.93228,149.29463,1
44371,358,319.5,185.5,4.350538610918283,0.5776,204.42589,204.05153,206.60905,1
46657,305,349.8,179.4,6.302705227134168,0.5415,222.42123,213.23894,137.3903,1
47649,366,330.8,186.5,4.469937840810417,0.5684,198.00293,191.83913,164.59369,1
49597,326,307.2,209.4,5.864487592310322,0.7,192.8143,188.52496,164.84023,1
49627,374,304.0,212.2,4.458458023383588,0.7,199.23866,199.48732,197.47327,1
54987,341,315.5,227.2,5.942389736687574,0.6816,194.22292,194.1997,193.49448,1
48189,304,316.8,198.9,6.552554033234008,0.6665,185.40886,187.08333,180.89915,1
46639,318,323.8,186.6,5.795686079299646,0.591,198.47736,180.47432,103.33711,1
40718,342,303.2,177.9,4.374657832114812,0.5854,217.2422,198.43362,120.79986,1
57179,364,344.0,217.6,5.423050547627423,0.6816,211.47472,209.8857,169.43742,1
48347,308,314.5,199.2,6.404392815951498,0.6665,208.11096,202.9359,151.27127,1
49084,363,322.5,200.0,4.680977583765571,0.614,209.91066,209.75345,212.63474,1
42135,358,292.5,192.2,4.131300722792857,0.737,209.80786,209.08199,213.4377,1
43539,367,333.5,173.1,4.06215214441108,0.522,190.7378,182.06075,142.31845,1
50362,346,310.2,215.8,5.286407471685962,0.7144,214.87564,210.37297,155.49216,1
48689,375,301.5,210.1,4.350890800658018,0.7,207.40785,200.37354,143.70882,1
55924,399,329.8,222.8,4.414304622693465,0.6978,223.58275,217.83818,176.01454,1
48002,323,328.5,188.6,5.781814473736631,0.619,222.50108,223.73601,214.34,1
46825,371,333.2,182.6,4.275036537204526,0.5684,205.1931,190.71664,119.44516,1
45986,315,301.5,203.4,5.823906465829387,0.6665,201.40125,201.68875,204.4503,1
48780,341,306.0,206.8,5.271605495037369,0.725,206.91917,194.77939,151.74442,1
53364,349,320.5,218.4,5.505634612726192,0.7144,212.56197,207.17392,159.37973,1
52961,356,318.0,216.8,5.251290510250254,0.659,209.6131,203.38115,141.8875,1
41332,327,293.0,187.5,4.857365450277224,0.6665,198.46194,198.46321,189.77791,1
44096,365,310.0,189.4,4.159329544836044,0.619,205.2453,192.7702,111.62096,1
53750,410,327.8,213.6,4.018098872824542,0.6743,207.97034,201.41653,160.05653,1
49569,309,314.0,207.2,6.523836417540346,0.6665,209.0454,203.84547,164.06682,1
51945,349,314.0,213.5,5.359234501875085,0.6665,194.01807,186.87285,127.674126,1
49135,403,341.5,191.9,3.8018128314104387,0.553,208.4219,208.72168,199.40858,1
47007,321,310.2,197.0,5.732741175543537,0.619,193.85112,189.23485,157.07063,1
41382,259,306.8,174.9,7.752143658612891,0.6,201.0525,191.97118,136.43117,1
56202,344,330.0,220.5,5.968218980430421,0.6816,209.99417,207.3342,169.23486,1
42458,301,292.0,189.2,5.888930183380556,0.65,215.14236,203.32344,141.70213,1
48661,328,351.8,184.2,5.683857827049857,0.5654,212.48116,203.55402,122.58467,1
46202,314,318.0,191.2,5.88859035989921,0.619,201.55746,182.69875,110.76368,1
49388,347,291.2,217.9,5.1543315856951795,0.763,215.93315,210.01588,176.11833,1
40284,336,306.5,174.8,4.483982371641554,0.595,218.95724,218.88051,220.75514,1
49685,328,307.8,210.6,5.803466351636261,0.725,211.50975,206.62314,175.30556,1
46949,356,311.5,196.9,4.655177171234288,0.619,214.88113,215.01463,207.93423,1
41957,351,337.2,171.4,4.279569255660813,0.522,206.078,205.23567,192.64136,1
39484,302,306.5,166.8,5.440228250267067,0.55,201.42996,191.98901,139.72383,1
30184,232,284.0,138.6,7.047104091554274,0.5,196.8525,175.9943,83.11384,1
48568,350,328.0,192.1,4.982232555087316,0.619,217.63205,208.1722,169.1503,1
48925,311,307.0,207.9,6.356527355047223,0.6514,221.60632,210.21518,145.81422,1
48586,308,315.8,199.1,6.436052482177167,0.619,217.79579,213.34999,163.52951,1
57790,352,364.8,209.9,5.8610743624404105,0.5957,214.15657,209.1178,168.90764,1
45666,364,329.5,184.5,4.331118527920284,0.5654,206.08398,194.159,136.81186,1
43616,330,290.0,195.6,5.033010291238656,0.684,203.45317,205.07576,202.01053,1
35729,285,266.8,176.4,5.52765596405588,0.6665,210.53441,210.71436,208.53476,1
48100,355,310.5,200.9,4.7962104864167925,0.643,219.40599,212.88649,177.45506,1
40499,238,322.0,166.4,8.98463109086456,0.5615,204.68816,198.1155,146.65276,1
48945,353,314.0,201.1,4.935927659477323,0.619,211.642,211.3084,198.58029,1
38779,307,319.2,163.8,5.170466382181608,0.558,217.59842,207.29106,131.31596,1
47908,337,320.8,200.0,5.301003648818949,0.622,211.41301,200.77596,113.435905,1
47449,353,307.5,202.8,4.785061426387568,0.7,216.31267,216.42824,217.00533,1
46579,297,295.2,206.5,6.635705844599031,0.7,219.10635,219.62518,213.51976,1
47384,330,299.2,205.0,5.467813638115658,0.7,214.00172,203.76299,127.901665,1
45274,362,282.2,207.6,4.341517835188923,0.757,199.172,191.31465,135.60724,1
51853,321,335.5,205.8,6.323735362296233,0.636,233.15771,227.64426,167.8272,1
49067,329,326.8,199.8,5.696493075034058,0.6665,222.8466,217.84302,177.54494,1
43690,339,339.2,173.2,4.777409978518741,0.5454,210.06444,197.3097,119.99182,1
45784,345,336.2,177.5,4.833763597629241,0.5454,220.05757,208.41275,127.77273,1
42572,306,283.5,196.9,5.713353088496932,0.7104,205.04767,206.83025,205.19164,1
46248,350,333.8,179.9,4.744240883043942,0.5454,212.69838,199.66406,121.6918,1
44223,289,305.5,186.8,6.653687188596948,0.6313,202.85793,195.51633,150.90262,1
45817,402,335.8,177.6,3.562742273941822,0.5454,199.59009,187.97144,110.63862,1
48248,330,341.2,188.2,5.5675137686097464,0.5654,208.85266,208.86868,202.17456,1
38878,349,288.0,175.9,4.011094791874089,0.615,194.718,182.99942,121.64775,1
47085,344,332.5,184.6,5.000063889070964,0.5654,207.63232,199.44485,154.92024,1
45339,338,307.8,191.0,4.987103719096237,0.65,223.60199,215.39774,181.12988,1
43909,303,310.8,185.6,6.010050946049917,0.595,224.67038,219.28365,180.3177,1
45192,328,332.0,179.2,5.27866058897345,0.5684,223.19398,215.95177,148.38397,1
44561,329,321.2,181.8,5.173363521645763,0.595,216.34912,216.29118,212.34256,1
51885,311,320.0,218.2,6.74110213217425,0.6816,219.27655,211.87112,170.52031,1
48022,360,340.2,185.8,4.656344518848427,0.5415,215.46149,196.46373,119.49145,1
45119,351,291.2,203.8,4.602089883598929,0.737,213.51506,213.70943,212.19405,1
49529,304,304.0,213.0,6.734762055905854,0.6904,215.33081,193.25836,101.961044,1
47182,329,303.5,204.5,5.477651706162124,0.6665,215.2017,214.47513,216.31123,1
49093,342,320.5,199.2,5.274450536667136,0.628,207.4928,196.27776,112.787895,1
43731,312,321.0,177.6,5.6453397573198245,0.5454,201.14575,195.28815,154.75467,1
43594,350,319.2,179.1,4.4719866168357045,0.558,209.1982,200.27852,141.3096,1
36064,272,295.0,158.5,6.125562146359337,0.579,206.60904,195.12047,135.42963,1
49115,359,324.0,197.1,4.7888927981956275,0.6816,209.22368,203.0787,165.99596,1
40983,307,286.0,188.8,5.464329243687275,0.684,235.79114,228.77995,162.55466,1
45756,282,299.5,200.1,7.230356292825038,0.737,208.24384,201.92715,166.40663,1
50297,302,315.2,208.1,6.930077000903725,0.6665,213.90689,213.66783,206.85739,1
47181,333,303.0,201.5,5.346733507886987,0.675,217.80115,200.66515,124.43113,1
45676,346,336.2,182.2,4.794526581087487,0.591,195.33852,196.1405,194.75514,1
48391,323,291.0,216.1,5.828669309582712,0.7896,201.0212,192.43343,114.89544,1
41379,345,279.8,195.5,4.368694389007084,0.684,201.2696,201.292,196.35541,1
44552,338,323.2,181.4,4.900536952583329,0.5454,217.84152,202.68362,110.5658,1
44393,319,287.8,199.2,5.482050006222883,0.7104,217.80643,211.65012,161.46469,1
44336,343,342.0,169.9,4.735634026283507,0.4888,217.35753,211.02644,176.04845,1
42549,319,282.0,199.8,5.254336172702395,0.7,196.86263,197.73647,203.19514,1
47204,388,339.8,181.9,3.94026303592445,0.522,214.09789,202.3914,122.36781,1
51056,344,318.2,212.0,5.421753465443499,0.6978,231.68082,221.89742,129.5845,1
40840,322,311.2,172.0,4.949756721291893,0.5713,222.10843,222.58846,212.5748,1
42010,341,343.8,161.2,4.53997841013776,0.5,200.02193,196.0243,170.10568,1
47281,346,300.2,206.0,4.963000509685556,0.718,208.52643,201.44951,147.00792,1
52435,315,311.5,217.5,6.640641402508674,0.725,212.36336,203.87248,147.14917,1
52162,363,324.2,209.0,4.974516191108706,0.636,204.12471,202.88441,194.33432,1
45116,338,300.5,194.5,4.96257463531939,0.6343,217.12476,212.49457,183.28868,1
40312,292,280.2,187.0,5.941259291213724,0.684,205.83394,205.04955,197.7336,1
34621,293,268.0,167.4,5.0677389024884265,0.6387,207.79106,207.69304,205.77045,1
56896,345,347.0,214.2,6.006941587688129,0.609,210.15172,206.4502,169.00888,1
43352,326,318.5,178.8,5.126061376733212,0.595,201.63492,194.54507,153.32872,1
44197,337,311.8,186.2,4.890382780889436,0.595,217.56418,217.54478,214.14561,1
52802,311,316.8,219.2,6.8602423587369135,0.7144,211.12065,208.75317,148.96288,1
50511,341,314.5,211.5,5.458672922505793,0.6904,209.32933,201.78836,151.29791,1
43116,315,313.8,178.2,5.460434723191838,0.5713,213.33626,206.55846,171.3772,1
49644,318,321.8,203.4,6.169108251050659,0.636,210.49828,206.28604,181.57367,1
35171,303,286.0,161.6,4.814035888394672,0.6313,197.1177,186.22466,143.41084,1
51268,333,335.0,198.9,5.809888164353237,0.619,222.54071,217.35835,171.83762,1
47499,335,338.5,183.5,5.3186904683577305,0.5557,218.82025,210.34753,160.49701,1
47020,352,342.2,180.6,4.768778621248452,0.522,203.463,198.72853,168.74896,1
52730,353,305.2,224.5,5.317631330763903,0.756,224.46304,218.08646,181.31448,1
52736,386,335.5,208.4,4.447771220159234,0.636,210.48349,204.53067,147.38356,1
44878,335,332.5,182.1,5.025204548284348,0.591,217.33215,216.31885,209.10078,1
44945,343,316.8,184.0,4.800682770464458,0.595,207.43959,196.13524,113.101974,1
46746,315,325.0,192.0,5.920156822764765,0.614,219.38481,211.26158,174.84177,1
42976,338,320.2,179.1,4.727183427774761,0.5454,210.18594,208.3118,199.4318,1
49227,362,323.0,197.2,4.720587941707052,0.619,212.60583,196.97037,116.4797,1
40988,334,312.8,171.9,4.6171465339502475,0.5713,205.27362,192.3976,126.717094,1
50597,312,294.5,221.0,6.531688177748306,0.7896,205.5941,199.06163,149.08499,1
43504,315,278.0,201.1,5.509573063311478,0.722,191.40083,188.71158,180.77208,1
44420,309,293.0,195.5,5.8461702609926,0.65,191.96219,191.58783,187.73517,1
46429,320,315.2,191.0,5.697695520059394,0.619,206.83598,192.69736,122.38957,1
54601,341,333.8,212.1,5.90067510525903,0.636,203.47272,197.20277,135.79562,1
47974,340,301.8,211.5,5.215043804959056,0.7144,203.5328,203.13637,197.42552,1
52960,297,307.2,223.8,7.544751530302597,0.75,207.97395,206.74803,215.63458,1
46195,350,291.5,207.1,4.738804004329159,0.757,209.83061,202.59494,163.72694,1
53893,380,337.0,211.2,4.690023625482402,0.609,199.96986,195.95741,149.1676,1
51083,292,308.8,215.8,7.528709773096613,0.7144,210.35942,191.99606,126.78423,1
53960,372,322.0,217.0,4.899998253778045,0.7144,199.25299,193.98404,157.5887,1
56826,346,330.2,223.5,5.964921785989962,0.7144,209.16621,202.23494,154.34787,1
47886,331,344.0,184.0,5.492403530811177,0.5654,206.24193,200.3784,167.73796,1
51092,365,324.5,207.0,4.81922317454561,0.636,197.20082,197.50125,192.30362,1
52630,324,310.8,222.5,6.30018371278886,0.7144,199.39586,194.94693,167.58221,1
50303,378,294.5,221.1,4.42405126546086,0.7,194.77003,194.43439,194.10596,1
42831,334,311.2,178.4,4.824753664380381,0.5854,177.28857,169.9413,148.72235,1
45992,347,318.0,188.2,4.799911279851232,0.619,204.703,189.25691,114.97777,1
48921,343,318.2,199.5,5.225368824427449,0.619,187.13965,185.72134,148.35251,1
35143,287,321.5,141.4,5.3614826269643245,0.476,191.4221,182.68796,130.81718,1
50319,345,325.8,204.1,5.312557890728328,0.6665,200.49854,196.10226,140.94505,1
15725,177,191.0,112.8,6.307452453343483,0.654,213.57616,144.29135,115.85684,2
20153,203,188.2,139.9,6.1455038217666145,0.8335,226.5889,151.52603,130.37648,2
16501,180,206.6,103.7,6.399928441590762,0.5356,225.27167,145.53093,131.05452,2
20242,181,186.6,141.6,7.764368425135324,0.769,230.19798,146.09145,118.9101,2
16864,185,176.1,125.56,6.191943726531865,0.75,228.97154,149.75203,123.76399,2
22225,209,211.8,137.9,6.393800208423173,0.6895,236.2879,192.14795,160.72858,2
14031,155,168.2,111.75,7.3389696603568595,0.6665,239.14674,185.79855,148.23041,2
19587,188,205.4,125.4,6.964053339278325,0.643,221.93735,143.04712,107.89703,2
13217,189,168.1,103.2,4.6496380395281545,0.727,228.18527,154.28041,121.345894,2
20254,193,211.6,125.9,6.832915525872659,0.643,234.64273,189.68839,160.19284,2
18631,234,189.4,128.4,4.27576979538545,0.6924,232.43068,153.20375,123.36622,2
17915,209,189.4,124.75,5.1538776483195115,0.6924,220.83769,169.10883,144.5974,2
25475,215,201.0,162.4,6.925436266107083,0.7856,209.54068,109.84812,85.60515,2
17234,197,168.2,131.9,5.580376489161431,0.7827,205.88219,96.24522,53.037933,2
21170,212,185.5,147.9,5.919145289826978,0.8,209.54095,120.276566,71.17955,2
26574,271,248.8,139.9,4.5470341186255725,0.5884,222.68584,145.89557,88.656815,2
15307,177,165.8,119.44,6.139788534392922,0.8184,227.1597,189.12505,153.45468,2
20893,213,177.9,152.5,5.786973070726844,0.9165,231.43391,157.27412,132.29648,2
18684,212,227.0,106.5,5.224058129198264,0.533,207.31136,117.31908,98.5839,2
22874,226,183.0,161.1,5.62775396336541,1.0,225.15417,138.61845,55.635944,2
21049,219,208.8,133.5,5.5150963295520565,0.7144,227.65138,169.01965,145.79742,2
25206,255,216.2,150.2,4.871171667905226,0.6895,227.80273,154.15802,143.97357,2
13998,188,190.9,97.6,4.976914210609996,0.5835,232.80847,185.98492,166.8004,2
16725,161,160.0,137.8,8.10819600035327,0.909,237.80566,174.79631,131.05992,2
15529,210,178.5,112.06,4.4250151761991745,0.6665,214.29298,114.68221,84.671295,2
19006,209,209.2,118.44,5.467742036503524,0.643,224.03561,135.11331,103.617546,2
18903,199,197.8,123.94,5.99838649840235,0.654,220.36661,129.48692,87.011894,2
12864,148,153.2,108.75,7.380103706314664,0.8,206.51186,128.76035,118.85968,2
16827,195,201.8,109.2,5.560928818614642,0.615,215.70886,131.08551,108.17952,2
15022,186,179.5,110.44,5.456469515808286,0.6665,218.99754,150.08917,132.17789,2
17901,181,166.1,140.4,6.866414345338773,0.8696,226.70924,147.24059,87.89708,2
20099,238,241.1,110.06,4.458927388214198,0.5,216.39825,121.83265,87.324875,2
18429,241,208.0,119.56,3.987287478728417,0.567,219.2107,160.5957,145.71451,2
20108,219,230.5,112.75,5.268542780874758,0.567,209.29982,134.83595,106.80051,2
19833,176,178.5,146.5,8.045868685259087,0.8,210.58763,101.40115,81.82449,2
21033,191,195.6,140.2,7.245099452641552,0.7407,219.44138,154.02725,128.55104,2
21538,122,233.9,120.06,18.18425761166809,0.5273,226.84973,151.70338,126.3727,2
20658,238,235.0,116.2,4.582940543595646,0.533,222.85307,133.38855,101.122406,2
16250,214,193.0,111.56,4.458981624668891,0.615,222.17445,150.84602,136.8929,2
13781,214,184.0,98.2,3.7814908165884304,0.5835,228.8463,151.54213,131.42917,2
21307,241,218.5,126.6,4.609969846940495,0.643,214.24612,139.43712,109.21255,2
20075,193,172.9,150.0,6.772527855331966,0.875,197.23917,112.44923,92.70795,2
18108,209,188.5,127.0,5.209400862727866,0.6924,211.00317,127.84185,100.35101,2
24121,221,203.8,153.6,6.20612652461984,0.846,185.2849,125.3069,114.784,2
11422,165,166.5,95.2,5.2721059745531855,0.609,193.50087,138.33803,118.07342,2
17105,250,237.1,96.5,3.4391643097378184,0.4724,190.74596,122.91034,108.90974,2
17257,179,173.5,128.9,6.76813637814039,0.75,198.60948,136.93643,120.84513,2
25380,250,197.8,166.5,5.102951779078973,0.7856,212.62422,167.38228,152.28247,2
24162,216,206.0,154.0,6.507815646093671,0.7856,204.44685,142.2346,122.28364,2
22685,223,203.9,145.5,5.732432129878699,0.7144,211.23886,163.86905,160.40315,2
17326,173,187.6,120.06,7.274714733682616,0.72,197.58916,139.54115,132.90971,2
18091,215,167.9,139.2,4.918079194902581,0.909,225.57903,148.32124,100.363556,2
13841,208,186.4,97.6,4.020227803100622,0.56,190.14215,112.79133,101.45189,2
18720,228,239.1,102.9,4.525285816805242,0.4375,198.1477,140.80563,139.45992,2
14470,192,177.2,107.2,4.932600444601161,0.6665,208.36104,172.22668,168.4169,2
16063,198,196.9,107.4,5.148801427876018,0.615,207.34444,166.55547,168.383,2
27161,243,235.2,153.5,5.780202751216947,0.6875,211.31041,160.24055,142.38164,2
17763,249,190.9,123.25,3.6002071131572393,0.654,203.29808,125.717995,120.59536,2
15839,238,211.5,99.3,3.5138539679548573,0.5,203.39124,145.34601,129.86623,2
21454,251,210.9,132.6,4.279279934611541,0.643,211.38838,136.95807,110.42173,2
19445,169,194.0,129.9,8.555480431224892,0.6924,216.93872,171.96445,158.03261,2
17777,176,194.9,120.3,7.211788817518821,0.6924,223.23679,188.27611,181.95267,2
20547,220,203.0,131.6,5.334735888703262,0.6924,217.49165,160.86066,142.10265,2
18465,238,214.1,114.94,4.096427395560732,0.643,195.81099,144.92418,126.405106,2
15931,163,174.5,121.56,7.534903468604614,0.75,206.6577,163.51675,147.52495,2
19265,205,199.2,128.5,5.760645565392729,0.731,211.67828,160.32504,130.8995,2
19383,214,217.2,116.6,5.3186732819050535,0.607,227.89601,165.91466,141.26006,2
15770,170,177.0,115.2,6.857151023821596,0.7085,188.64027,121.86661,99.99067,2
22107,207,213.1,136.4,6.483342789134827,0.6665,204.34055,144.87177,108.53261,2
14101,183,181.1,102.3,5.291241662428818,0.5835,220.46318,187.19926,163.67848,2
21267,197,209.4,132.5,6.886263594928406,0.6206,215.21571,151.51498,123.19953,2
20344,231,220.2,120.1,4.790956762027005,0.533,206.6603,130.99733,128.00977,2
14916,189,174.2,111.1,5.247333055731403,0.6665,209.33884,144.33682,122.63783,2
17597,206,204.0,116.1,5.2109158191365434,0.607,204.34099,162.13547,156.78784,2
18906,190,181.0,135.2,6.581157973270762,0.8335,182.22003,113.73476,110.245995,2
14197,191,182.1,102.7,4.890347403088105,0.6665,214.76619,171.62509,151.17433,2
17006,201,204.8,110.6,5.289564581762631,0.654,223.00735,182.6784,168.03851,2
26605,225,248.9,143.5,6.6040156087906325,0.6562,227.73756,164.33699,136.52592,2
17955,209,189.0,126.0,5.165385050269429,0.6924,219.90404,178.7442,160.9953,2
20997,241,247.1,111.44,4.542898431323488,0.4849,211.63634,148.56192,119.44127,2
17551,205,200.4,115.0,5.248123037539984,0.6294,193.67554,139.04716,128.53128,2
16225,190,206.1,103.2,5.647904798281927,0.5356,199.53175,112.84044,94.70099,2
22295,204,204.2,142.2,6.732199943462556,0.7144,222.6911,172.25537,145.5959,2
20429,193,206.2,128.8,6.891953751261605,0.643,220.70876,158.11171,117.15149,2
13321,164,188.8,91.4,6.223848265685549,0.5,217.20294,172.8063,163.42517,2
17116,165,194.4,113.94,7.9003121923001505,0.615,212.86574,142.78903,123.6522,2
17703,187,160.2,142.0,6.361704909662857,1.1,215.16136,173.54034,144.33955,2
17367,213,230.6,98.4,4.810336539477964,0.4666,200.32921,130.16457,105.916275,2
15261,156,199.0,99.06,7.880316483634752,0.5186,209.62251,128.15497,105.428894,2
21257,213,213.0,130.4,5.887794312183053,0.6553,222.35764,175.11345,165.46185,2
16437,220,194.1,113.56,4.2676329295087125,0.5713,220.24045,169.25566,143.04807,2
18522,185,195.6,124.2,6.800710489968169,0.643,201.1687,143.57016,145.49643,2
22186,245,230.5,128.8,4.644689686800043,0.6,217.83827,170.43405,153.56364,2
19538,204,202.9,125.5,5.899696007865953,0.643,204.2738,150.56715,139.54677,2
15858,193,194.8,108.7,5.349875304102332,0.654,240.2225,224.07022,206.96883,2
24305,220,222.6,144.2,6.310447061611565,0.6665,218.42926,151.44742,122.40328,2
19016,178,185.6,133.2,7.542043416319089,0.731,216.02245,158.48721,136.45097,2
22889,241,189.1,155.1,4.952250425992443,1.19,215.06969,100.61864,53.978355,2
19377,170,175.6,142.4,8.425555826797153,0.8335,227.16818,181.646,155.0722,2
11693,178,149.1,103.06,4.637626928219348,0.75,193.71364,121.97809,100.04276,2
26250,243,227.1,153.4,5.586330481920579,0.7095,223.9456,187.0777,170.72337,2
16159,169,197.2,109.25,7.109694434978812,0.615,216.43544,151.92616,134.08707,2
15168,227,194.9,102.6,3.6990182126297797,0.6665,224.17532,183.3141,169.56888,2
21318,240,220.5,127.56,4.650866124251889,0.6,210.2526,169.83307,172.18445,2
20166,246,228.8,115.2,4.187544282655282,0.533,194.98827,138.75525,132.51303,2
13582,179,169.9,104.06,5.326813947262142,0.727,213.68204,167.96722,158.42778,2
16154,205,195.6,107.2,4.830390265421965,0.615,181.44087,104.76424,107.832756,2
16543,123,189.4,117.25,13.740859876617343,0.726,203.31087,119.24845,91.9287,2
23037,253,243.1,129.2,4.5226683723068986,0.5625,230.98108,195.03073,190.13596,2
16948,196,176.0,125.3,5.543910067996649,0.75,213.8877,152.54813,133.27989,2
17088,200,176.4,127.25,5.368353526454238,0.6924,216.80605,147.05437,131.67201,2
14533,181,161.6,116.5,5.57452654493092,0.9,225.36198,179.32877,147.53357,2
18898,216,192.2,128.2,5.090004969782228,0.6924,227.16762,177.92995,157.97522,2
22398,233,223.5,130.6,5.184504577730604,0.5806,208.3229,143.74425,133.45967,2
18722,201,210.1,117.94,5.8233110725485115,0.607,214.78362,169.25267,162.9085,2
19783,207,212.1,121.44,5.801780901861596,0.6206,218.28749,163.0954,158.35329,2
21533,203,187.5,147.9,6.56632430874314,0.875,213.573,117.183334,92.17734,2
15695,185,163.5,124.2,5.762722769682022,0.8184,194.48251,111.67688,82.127594,2
21428,210,190.5,145.5,6.1059453406913455,0.769,197.05034,135.87947,98.97945,2
18809,204,206.2,118.56,5.679567110858364,0.5713,195.18246,136.5692,130.94716,2
16538,194,194.9,114.4,5.521910862479329,0.76,209.91284,141.93718,115.43712,2
19875,192,204.1,126.75,6.775081813161582,0.643,210.80933,134.4872,123.8647,2
19867,180,175.5,146.2,7.705434722082521,0.875,205.28369,129.94995,104.660774,2
19585,245,203.5,128.1,4.100164406201156,0.643,231.44077,201.4056,189.85385,2
17082,192,177.2,125.2,5.822991070813894,0.75,226.7811,188.36722,175.006,2
19279,209,194.5,129.2,5.546280054811715,0.6924,225.50514,155.91093,126.860504,2
19093,197,195.9,127.5,6.182321475429918,0.6924,208.97205,130.36015,108.4391,2
19213,180,198.8,128.0,7.4517802041260115,0.6924,217.13809,178.86842,173.97002,2
12640,167,151.0,108.3,5.695396915109898,0.7617,207.65598,141.71967,109.33036,2
18674,182,187.4,129.8,7.084422317731651,0.6924,187.07295,114.30035,79.41565,2
16855,203,196.0,112.5,5.139803846369091,0.615,215.25043,164.23169,148.33705,2
17253,216,169.5,131.0,4.646939133434902,0.75,190.42809,109.85311,85.59578,2
22589,197,203.6,144.1,7.314327754071462,0.7144,217.52957,156.77469,122.43666,2
22184,229,220.0,130.1,5.31592390894422,0.6,210.70963,107.81569,62.135376,2
21840,199,198.0,143.5,6.930368784061118,0.7144,227.0114,186.89119,181.76114,2
17026,212,212.4,103.44,4.76048028836061,0.5,198.22997,136.335,123.36022,2
16937,210,201.9,110.3,4.826227190371912,0.5713,196.58534,131.2259,128.32722,2
11262,164,166.8,90.06,5.261840640203488,0.591,217.43399,177.88521,158.39456,2
19789,214,175.2,146.2,5.430079222804474,0.8335,222.3604,169.39505,153.97917,2
18566,231,228.2,106.25,4.372242589647727,0.4666,216.39276,142.36186,105.57587,2
21454,251,210.9,132.6,4.279279934611541,0.643,211.38838,136.95807,110.42173,2
11126,175,177.1,85.7,4.565336798542372,0.5415,211.36053,148.08253,132.25848,2
14842,184,192.0,100.6,5.508922278423879,0.615,175.32195,87.9616,88.78216,2
20886,246,195.9,139.4,4.337054938388289,0.6787,202.11922,142.71495,111.37253,2
16891,187,204.1,107.1,6.069906661532809,0.567,210.32744,124.22507,93.607025,2
18701,176,180.2,134.0,7.586637940958513,0.75,201.66371,125.087135,106.60459,2
16103,184,166.5,124.5,5.976969104531715,0.8184,185.16792,101.437096,78.48312,2
19498,199,195.9,128.4,6.187194622327091,0.6924,201.52126,137.63757,128.69786,2
24123,240,230.4,138.0,5.262822193232401,0.6665,216.55635,170.43208,166.09276,2
18101,210,208.4,114.3,5.157910986179488,0.643,199.06218,143.52287,133.38286,2
18095,189,181.8,129.1,6.365680587520765,0.6924,226.94585,180.50389,167.47261,2
20783,198,222.1,125.5,6.661740650908751,0.6,208.00029,166.42209,144.46925,2
18298,207,218.2,109.56,5.366273413651291,0.533,198.49727,133.09488,113.70041,2
15872,146,182.2,114.1,9.356982285189941,0.75,216.83884,158.71426,128.32414,2
12481,152,149.8,110.2,6.788472629753152,0.8,207.27376,141.32329,122.48287,2
21341,227,201.1,140.6,5.204426930098373,0.75,208.67784,142.70114,116.5172,2
18587,165,180.0,133.4,8.579288543952027,0.8696,200.76811,122.66421,87.78928,2
14521,111,164.8,114.25,14.810183239275183,0.767,199.27278,134.26393,99.83037,2
11379,175,166.5,91.25,4.669150407209568,0.636,185.95158,123.85903,124.08775,2
23605,227,205.1,149.0,5.756548319430772,0.7144,198.7276,126.1517,96.63204,2
19614,226,193.2,133.2,4.825687078667883,0.6924,215.47607,165.07326,153.0341,2
22925,219,226.6,131.2,6.006631353270032,0.6,214.50374,168.82027,142.38242,2
16547,191,186.4,116.56,5.699836478051623,0.615,217.27429,180.19333,168.8689,2
15880,184,172.4,121.9,5.8941979370281095,0.75,211.91522,149.49385,119.626816,2
16786,180,190.0,117.3,6.510465960883736,0.654,213.7834,162.17148,135.45488,2
13624,175,175.0,102.94,5.59034231020504,0.625,209.97905,167.85904,152.35342,2
24433,226,203.1,156.2,6.011319077857265,0.7856,216.68127,166.6287,141.23714,2
22195,219,247.2,117.94,5.815362394147366,0.515,196.55934,131.8704,106.901665,2
18574,180,175.1,137.8,7.203943450342817,0.8335,206.1267,139.97098,116.96051,2
20038,213,197.8,133.9,5.550153945877782,0.7144,198.34402,136.84468,126.1443,2
20992,227,207.4,132.0,5.119316344905349,0.643,207.88081,150.78287,136.50558,2
11125,134,137.6,104.2,7.785746997368334,0.7896,188.47209,129.74127,119.514915,2
13190,156,147.5,115.4,6.810915039587339,0.8,214.52081,108.01572,69.1468,2
18738,187,193.5,125.4,6.733639868794137,0.6924,205.68488,105.60361,87.16269,2
27506,232,211.1,168.6,6.421867384783059,0.857,229.47775,144.99013,104.97555,2
22828,193,208.2,144.0,7.701283481022072,0.7144,216.36626,105.95401,62.931934,2
23173,208,203.5,149.2,6.730780932103946,0.75,225.24019,145.2602,104.86173,2
26395,249,213.4,162.5,5.349741977806977,0.759,232.9107,158.12856,117.05565,2
21758,205,182.2,154.6,6.5061056948774985,0.8076,222.14221,125.00784,70.77483,2
18809,214,196.1,125.7,5.161168330978288,0.6924,229.38933,155.70433,133.82417,2
11720,159,157.8,96.8,5.8256344132071325,0.636,211.01468,124.96899,82.93077,2
25469,246,218.2,154.1,5.288731792866577,0.7334,227.083,145.13342,96.218254,2
18241,194,191.9,126.8,6.090529449902371,0.6924,227.03108,138.87178,103.75761,2
17146,172,177.6,124.75,7.283091892705596,0.75,234.59196,168.36717,138.97424,2
18261,184,179.0,132.0,6.777956456427601,0.75,220.09181,123.68883,94.63319,2
19392,225,214.1,118.3,4.813571534886974,0.533,232.70221,148.18369,113.78836,2
20671,235,235.6,113.56,4.703656803429941,0.533,215.30415,138.21898,103.63556,2
21939,241,220.0,132.8,4.746708991037101,0.5938,224.19064,145.98972,112.33454,2
24829,211,235.2,140.4,7.008162799216636,0.625,232.29848,149.61702,107.52068,2
25097,246,211.2,155.1,5.211484620737857,0.759,228.05194,135.07181,95.87203,2
19389,206,199.6,127.4,5.741572246248704,0.643,232.74904,171.31258,139.91429,2
14208,182,185.9,100.6,5.390139889168432,0.6665,223.0566,120.51852,92.67767,2
16584,204,188.0,115.94,5.007705936864007,0.64,214.09723,124.62996,72.402245,2
15210,182,197.2,100.7,5.770272220879212,0.5186,210.4419,113.382484,95.62276,2
23448,224,232.5,130.4,5.872454124790615,0.6665,219.74469,136.01794,112.50258,2
14539,193,185.6,105.9,4.904895765313646,0.64,219.12654,148.99419,125.83378,2
17712,218,166.1,139.2,4.683434818650149,0.8696,216.25906,110.74417,40.72853,2
23544,218,207.2,148.5,6.225541405278856,0.75,226.45596,119.468506,68.293175,2
16441,206,220.2,97.6,4.868595043611065,0.643,227.4033,121.79336,88.80092,2
20067,217,211.4,125.6,5.355164881784398,0.643,234.95724,185.49617,171.27502,2
22200,219,203.0,140.9,5.81667245551122,0.6787,213.86583,103.20239,58.45038,2
17897,182,208.8,112.56,6.789649042542751,0.6924,242.64871,212.54199,182.74536,2
20475,206,217.6,124.8,6.063164255090113,0.6,230.31859,146.67873,88.46384,2
18631,212,220.4,110.06,5.209239295926614,0.5713,226.78438,108.20803,51.478054,2
19048,215,200.0,123.75,5.178241805566544,0.643,209.01035,98.92047,70.74109,2
22226,205,206.1,141.4,6.646047668643592,0.7144,208.9137,111.95856,76.82082,2
15735,166,173.5,118.6,7.175636580669966,0.7085,215.8146,132.35455,76.80285,2
27047,235,231.8,154.1,6.154506582282889,0.7095,234.50749,143.65865,84.33086,2
14956,177,161.5,120.56,5.998998975656924,0.7393,236.48389,164.90808,112.553154,2
12245,170,174.4,97.06,5.324401666879864,0.625,222.91003,160.5394,119.69651,2
17887,215,221.4,108.1,4.862621334322174,0.533,230.9055,165.23378,145.75903,2
18672,203,211.5,117.0,5.693884154221516,0.552,226.88092,162.18878,118.39246,2
17448,203,224.0,102.06,5.32063467881625,0.533,227.35782,122.27904,89.31609,2
19209,204,203.0,122.3,5.800351142138248,0.6665,225.67422,123.198326,96.61269,2
17188,233,195.1,115.0,3.9785366855091353,0.593,227.57921,138.1734,104.279274,2
23677,197,219.0,142.4,7.666622614243658,0.6665,227.54048,117.71581,51.673923,2
23196,191,199.1,151.1,7.9901738650441425,0.769,211.4742,121.52299,59.883408,2
13945,208,163.1,112.7,4.050435424769755,0.7617,241.82707,193.41122,138.75714,2
15856,182,181.9,115.5,6.015347556493148,0.654,232.50516,162.09442,122.52889,2
22094,212,206.0,142.2,6.177496269883668,0.7144,240.01492,181.40897,129.25162,2
11659,160,163.4,92.94,5.723098241906781,0.636,224.15845,125.1549,99.17278,2
19123,214,208.4,120.75,5.247329575910351,0.643,227.28389,147.7141,111.03222,2
16771,220,183.9,118.75,4.354351272178051,0.6665,207.05182,110.68494,87.956024,2
16842,169,195.5,111.3,7.4102032102180315,0.654,223.85652,151.89351,119.52096,2
20146,206,203.2,128.8,5.965739051674991,0.643,228.03232,170.04155,126.72021,2
17888,194,168.9,137.1,5.972665467893955,0.7915,235.99382,177.49066,123.587616,2
14216,166,167.2,110.8,6.482926573295471,0.727,229.05916,120.83841,71.99698,2
16387,295,234.1,97.25,2.3662753835967107,0.567,239.40292,183.99062,128.96532,2
12808,172,168.1,100.1,5.440443308163611,0.6816,229.02533,138.09273,88.95531,2
16724,171,167.0,129.8,7.187168091191916,0.8184,225.28847,111.90301,59.565002,2
12189,170,176.2,92.4,5.300051606173839,0.5835,229.56038,131.78229,102.48851,2
21639,243,204.2,137.5,4.605051630410644,0.7144,229.0687,149.57332,102.41722,2
16886,228,193.9,114.56,4.081943178556267,0.615,232.93639,160.48041,105.420425,2
21766,188,203.0,141.8,7.738785162747333,0.7407,234.41,177.20267,133.38672,2
19707,210,204.5,127.06,5.615543439845266,0.6206,218.32611,151.1283,126.59257,2
16511,202,189.5,116.9,5.084877590767677,0.615,231.53708,135.30844,91.50319,2
23099,207,198.1,151.0,6.774267656680029,0.75,211.5861,113.41262,74.88855,2
22498,227,227.2,127.75,5.486584371554905,0.5625,221.90628,131.33629,78.41355,2
13237,203,174.5,99.44,4.036522308774112,0.5835,219.47913,116.860634,75.36795,2
19958,216,199.1,133.4,5.375506359768955,0.6787,233.54446,131.79176,95.261444,2
25611,220,216.1,155.5,6.649531359594066,0.7334,236.09016,165.87529,109.065025,2
21072,221,212.1,130.8,5.42164496193314,0.6206,235.55916,175.69315,138.67953,2
21073,226,193.9,141.8,5.184648914488035,0.769,237.81966,157.84845,109.45783,2
15552,189,182.2,111.94,5.471072920537327,0.615,214.06494,122.128654,73.67665,2
26087,264,234.4,147.0,4.703554152559511,0.625,235.12329,148.02376,97.12134,2
18457,203,224.9,106.94,5.628321542120101,0.6,229.62152,103.261765,67.36851,2
12368,178,169.9,96.06,4.9053424996337025,0.636,231.75926,146.99951,124.65689,2
17547,199,182.0,125.4,5.568094370600752,0.72,230.17468,111.600685,60.471684,2
14370,205,186.0,101.06,4.296936245766599,0.625,232.42996,157.03825,137.45982,2
15190,191,186.2,107.75,5.232399595189711,0.615,233.28564,149.45244,88.02561,2
20204,247,254.8,103.44,4.161532755700187,0.4243,230.46825,141.79958,75.0609,2
27171,253,220.1,162.1,5.334263243649378,0.7334,226.38739,142.85233,100.18918,2
19263,234,219.4,114.9,4.420812278917393,0.533,224.56036,142.853,111.01686,2
21136,207,203.8,135.4,6.198576613342095,0.6787,235.71094,169.71025,127.474686,2
16425,193,202.1,107.8,5.541159154362518,0.5713,232.65045,137.50876,90.9043,2
26016,241,215.1,157.0,5.628806286103342,0.759,227.0949,144.04927,92.50459,2
15699,197,187.4,110.1,5.083342839929517,0.615,225.83472,117.91006,55.01812,2
22816,206,202.8,145.6,6.756393438053042,0.769,232.05916,135.59091,65.6959,2
18769,203,186.0,132.0,5.72346356526262,0.8,234.70755,164.15387,111.77311,2
14636,179,186.2,103.75,5.740189142403821,0.6665,239.66115,179.95526,130.02328,2
14130,191,192.9,95.9,4.867268352865741,0.5386,227.3542,115.52741,71.6512,2
17831,223,220.9,104.94,4.5058407453324705,0.517,232.48953,149.60313,112.4922,2
22657,237,227.0,131.2,5.068921629538282,0.5625,228.97937,129.10384,85.06914,2
24633,194,214.2,150.9,8.22476903346555,0.7,221.85217,127.83244,72.910286,2
16680,179,182.1,119.2,6.5418389515780095,0.7085,216.52838,109.136406,67.479485,2
22203,183,226.0,128.0,8.331426042898167,0.6,232.84717,170.80861,130.1071,2
22462,240,215.8,136.5,4.900448207287078,0.6665,234.66284,166.90993,122.64184,2
22750,229,226.6,133.5,5.451553774273396,0.625,234.05774,174.03844,148.37436,2
23632,232,222.1,139.5,5.517398750715962,0.6,239.43614,121.106636,60.471817,2
19724,189,188.4,138.2,6.93875014690575,0.769,230.09343,165.07048,127.6922,2
19188,234,220.0,113.25,4.403599958878001,0.533,232.26172,126.52763,84.553635,2
27780,273,238.0,152.8,4.68399919047482,0.6562,230.04788,153.56548,106.70228,2
14958,191,180.8,108.9,5.152484078001823,0.6665,236.44888,174.88406,144.09656,2
15693,206,204.2,100.1,4.647093365329873,0.5356,225.91518,117.410805,88.75537,2
15393,177,166.2,121.5,6.174283981832511,0.8184,210.75748,136.1212,114.45396,2
19525,200,209.6,122.06,6.133959656134071,0.643,231.20422,158.21272,115.63732,2
19671,226,238.6,107.06,4.8397109475107545,0.5,225.14409,133.28938,80.56045,2
22985,221,206.6,146.9,5.913843462890718,0.75,228.95364,138.74179,86.73795,2
14450,186,189.4,101.8,5.248700872282635,0.577,235.63585,176.93288,136.78853,2
20391,214,215.1,124.06,5.59526734206913,0.6206,226.9688,163.61813,141.8521,2
19614,205,225.4,112.3,5.865004003094368,0.533,205.1847,89.58842,74.13052,2
18917,163,195.2,129.2,8.947195337115906,0.726,235.53596,149.97092,104.17938,2
11464,141,164.4,91.4,7.2461582779042075,0.636,226.46404,119.24063,99.005,2
26415,216,215.6,160.9,7.114640770282441,0.759,228.4747,160.91486,124.92402,2
17572,146,177.4,128.8,10.359179228538158,0.7866,221.10976,132.08047,71.03727,2
14021,210,187.6,99.94,3.9953079905653053,0.5386,245.01707,199.46387,150.2418,2
19190,193,192.8,128.5,6.473963115507867,0.6924,230.92462,167.52672,134.32697,2
16703,216,189.2,117.1,4.498801619762545,0.64,226.70787,152.48868,112.29043,2
24234,273,232.5,136.1,4.086106421237105,0.5625,229.29663,146.88327,96.039276,2
16651,219,207.5,105.1,4.362766353906186,0.6924,205.2586,106.08013,88.15779,2
21907,206,230.1,124.1,6.487215596398492,0.6,204.73827,137.77591,146.78558,2
16607,190,182.9,118.56,5.780878581514204,0.6665,234.38376,165.47281,151.8182,2
21562,173,193.2,143.1,9.05329557241513,0.769,232.19334,173.17783,130.45226,2
23345,232,225.8,134.1,5.450392427025395,0.6333,219.01332,130.02698,91.245926,2
21050,211,192.9,142.1,5.941513026038512,0.769,230.86858,152.80533,112.85522,2
27047,235,231.8,154.1,6.154506582282889,0.7095,234.50749,143.65865,84.33086,2
20755,181,207.9,130.4,7.961143496872031,0.643,221.0473,121.124146,79.360916,2
17577,190,176.8,129.2,6.118534523229672,0.75,231.79564,166.07011,123.1141,2
17667,184,179.1,129.6,6.557480790521134,0.75,231.02917,155.48732,111.72313,2
22640,222,227.6,130.4,5.772717935011194,0.6333,228.83693,161.48744,119.48694,2
17589,227,198.8,116.7,4.289427171805459,0.615,232.74887,170.85661,133.26634,2
21775,204,194.1,146.6,6.575180702798707,0.7407,228.61061,141.28406,109.30889,2
21571,196,201.9,139.0,7.056153178944754,0.7144,230.8814,132.35034,98.839264,2
22184,229,220.0,130.1,5.31592390894422,0.6,210.70963,107.81569,62.135376,2
25780,222,227.2,148.5,6.573351076174407,0.6772,215.7217,149.1161,116.36404,2
17587,178,173.9,131.8,6.975279636243365,0.75,233.26094,193.10727,168.12321,2
19522,209,168.4,148.9,5.616187521657466,0.8335,228.3343,122.07015,68.20979,2
20000,227,216.4,121.56,4.877397432265005,0.6206,232.98131,176.70181,154.00851,2
18116,191,189.6,127.06,6.240299609378328,0.6924,234.65443,160.49875,104.10157,2
22385,223,236.1,122.94,5.656623020821454,0.5312,216.31216,131.35693,74.58202,2
12747,200,141.8,116.56,4.004588155530909,0.8887,209.17639,115.69552,68.2653,2
16253,179,205.2,105.7,6.3743710119902515,0.615,224.05588,180.71146,174.60307,2
21679,203,211.0,133.6,6.610845896495729,0.6787,203.57297,129.35089,108.06324,2
15860,174,167.4,122.8,6.582858962337709,0.773,226.01865,181.46683,148.31451,2
14152,153,156.5,117.0,7.597047158546328,0.9,221.48456,134.4468,91.30674,2
19961,208,189.9,137.6,5.7978301551688105,0.731,234.87494,186.12465,152.1751,2
16505,202,179.6,122.25,5.083029776247381,0.75,236.9403,177.35266,123.17621,2
13821,160,156.1,114.56,6.784367510197582,0.85,226.01523,135.86397,96.41116,2
19846,166,185.2,139.1,9.05037709437408,0.769,214.01813,131.7977,87.82662,2
22669,239,229.2,128.8,4.98708102898948,0.5806,221.87802,160.6676,132.93,2
16965,206,204.9,107.6,5.023764668503237,0.593,229.0845,143.74323,109.25198,2
19749,209,207.5,125.94,5.681492027723251,0.643,231.80812,166.3116,132.73131,2
20612,213,205.9,132.1,5.709141288174111,0.643,200.35468,105.31314,96.24848,2
17195,208,195.2,115.8,4.994423601930149,0.615,228.01218,136.83897,97.1732,2
15600,169,207.0,97.94,6.863743621862088,0.615,219.64937,140.7303,113.042694,2
19624,175,191.4,132.4,8.052325124446838,0.6924,222.71222,125.18988,94.68128,2
15861,205,205.2,106.2,4.742777021162423,0.5713,220.1552,151.59262,122.261505,2
20534,207,214.1,125.0,6.022027449771319,0.643,226.43912,168.69455,152.4122,2
22205,234,214.2,134.1,5.095994219662602,0.6333,224.75269,143.74568,119.27755,2
18162,203,208.0,117.7,5.538363539469322,0.567,230.51572,188.64227,171.68361,2
17986,185,213.5,108.9,6.6039077244664455,0.5713,223.05296,145.0048,132.35335,2
21571,196,201.9,139.0,7.056153178944754,0.7144,230.8814,132.35034,98.839264,2
16960,186,189.8,115.06,6.160412926914429,0.615,229.30092,153.55484,115.62359,2
20650,210,223.2,122.3,5.88425290672374,0.6787,237.05081,181.0052,144.56291,2
12511,173,179.0,95.4,5.253027590505784,0.5386,223.6159,120.4133,91.576584,2
23491,245,179.4,168.5,4.917894412360039,0.9165,224.81288,128.08429,62.404305,2
26404,232,237.9,150.4,6.164581779532171,0.6875,238.90605,174.72783,122.48581,2
15143,186,171.5,115.4,5.500420575015636,0.6665,208.01111,108.79954,77.48612,2
20667,207,230.2,116.8,6.061032497536956,0.533,225.13042,156.98909,109.24687,2
19853,188,229.5,111.44,7.058628219977157,0.533,222.5626,149.1703,111.21244,2
19285,209,208.9,119.75,5.548006165104201,0.5713,224.02399,113.282005,87.66429,2
18740,223,194.5,125.7,4.735542345775923,0.654,230.62851,170.24606,145.49315,2
19680,203,218.1,118.0,6.0012660751435005,0.6206,221.45247,132.96059,111.75432,2
16638,173,156.5,136.5,6.985842302840319,0.909,224.58723,118.77705,68.268036,2
27012,205,211.4,167.8,8.077163665319928,0.857,234.94846,162.19218,116.42621,2
22563,220,191.4,153.4,5.858161573797232,0.846,227.2264,137.04196,75.71816,2
21507,199,168.1,165.1,6.824699699578868,0.9165,228.91138,127.283516,70.000885,2
22826,238,235.1,127.2,5.063907486112606,0.5806,218.8054,132.39432,84.750175,2
23407,216,215.5,143.0,6.304463240961615,0.6665,220.64687,135.83095,85.29931,2
15666,173,215.1,97.2,6.577726019731725,0.5,224.23651,171.79318,160.33717,2
61643,373,291.2,274.5,5.56770180035034,0.95,190.89645,172.44855,115.41222,3
60305,329,312.5,247.1,7.001182360648275,1.177,211.99792,205.71898,164.14153,3
56080,324,272.2,266.2,6.71317314484513,0.9473,216.31377,208.2605,166.94598,3
59752,384,283.2,273.0,5.092134446541269,0.973,193.13477,186.33986,159.90654,3
79941,438,333.0,308.2,5.236380774392145,1.0,192.11159,180.55626,147.79105,3
76345,395,318.2,308.0,6.148883605532774,0.909,201.36943,190.1677,131.04604,3
46396,289,271.8,219.1,6.980631589945142,1.167,198.34886,183.10204,131.15268,3
80323,439,355.0,290.8,5.237460301976286,1.154,187.68848,182.33885,150.77185,3
65894,372,310.2,271.5,5.9837006103493415,1.053,195.38647,196.20985,187.47408,3
71478,379,337.5,278.5,6.253221843158743,0.8477,201.08089,197.25688,170.2797,3
61046,398,331.5,239.0,4.842849047525126,1.235,169.4097,159.69373,124.69925,3
81974,453,365.2,289.0,5.019836677443381,1.15,198.05135,192.55835,172.33492,3
48856,318,265.2,235.5,6.071185897859378,1.0625,229.77242,226.01721,175.73105,3
53911,360,302.8,230.8,5.227358072459238,1.267,206.04839,187.89127,117.62197,3
52472,295,273.2,246.8,7.576933052302839,0.9443,210.93903,207.26393,172.32492,3
59084,336,304.2,251.1,6.576596525818428,0.85,205.76843,198.41248,186.6631,3
48999,322,271.5,233.5,5.938617276850672,0.9375,212.1328,196.66487,144.62735,3
57544,355,278.2,264.2,5.737903040132388,1.028,190.1651,178.7554,145.20987,3
66058,368,304.0,278.2,6.129706034700926,1.0,207.9418,194.59445,160.10458,3
59089,331,300.8,252.4,6.7773594000773,1.117,197.9769,177.63655,95.79916,3
61899,380,287.8,280.5,5.386743591815916,0.974,195.00616,181.98717,123.217834,3
70516,409,318.0,283.8,5.297255457835328,1.053,194.84961,189.34901,154.00009,3
56788,399,278.8,263.2,4.482503592617061,0.921,217.99576,210.01126,177.49544,3
69370,372,310.5,288.8,6.2993491264748505,1.0,206.80788,191.81403,143.75966,3
54316,340,273.8,253.8,5.904454898698381,1.059,211.02313,199.76518,141.617,3
75259,416,332.5,295.0,5.464892786531856,1.075,225.44595,215.90556,182.42763,3
60041,382,348.8,221.4,5.170482292540905,1.026,213.40175,202.12643,173.9552,3
69153,333,323.8,273.0,7.836685578324088,1.139,223.43576,216.31877,184.8949,3
69113,328,309.2,287.8,8.072757773183795,0.905,203.62595,204.25212,188.98375,3
58311,307,284.0,263.0,7.7746993272490705,1.059,224.59387,212.71133,169.84753,3
69756,365,322.2,277.2,6.579694115783362,1.139,194.134,180.67827,148.22234,3
56275,330,297.8,241.8,6.493778754114439,1.1875,203.59776,199.09425,187.0587,3
73922,440,334.5,286.0,4.798198597906295,1.0,202.55038,197.84761,171.42793,3
69349,360,318.5,279.5,6.724268794253042,1.053,184.04712,183.25874,175.53767,3
66271,407,320.5,264.2,5.027413066086705,1.167,209.69058,199.48842,147.47386,3
62853,347,310.2,260.5,6.559593487399755,1.056,210.64424,206.35582,178.91536,3
56169,346,278.2,260.5,5.895957691853557,0.946,225.15398,216.8516,176.86543,3
65371,428,299.8,281.5,4.484432119788155,0.973,197.1966,182.1203,137.13318,3
60914,331,289.2,272.2,6.986682301211879,1.0,213.21645,206.44989,173.78038,3
62052,401,309.5,256.8,4.849275995561068,1.147,182.9476,175.66489,133.74086,3
68411,362,338.2,260.0,6.560223895019424,1.223,204.19974,191.43454,147.70963,3
66134,345,321.2,264.0,6.982267206133413,1.167,220.03569,213.56897,186.22192,3
67656,375,314.8,275.8,6.045798188693931,1.053,197.23746,188.73378,172.93498,3
57118,392,292.8,252.0,4.671009193766706,0.8423,214.6142,206.7693,173.6096,3
65740,394,302.8,278.5,5.3216599512224745,1.026,191.8134,185.33722,166.09523,3
65253,380,342.8,244.5,5.678624526999855,1.375,210.49861,196.30682,161.46382,3
63178,374,329.0,247.1,5.675871219322714,1.3125,194.38083,189.53773,176.79147,3
60311,321,344.5,224.4,7.355231200421348,1.387,206.56981,190.5879,147.1346,3
59259,341,284.2,267.5,6.404060476228362,1.027,217.02293,207.94183,175.05798,3
59260,373,282.2,270.2,5.3524651410340365,1.028,206.80736,191.12083,151.06276,3
66482,348,309.5,274.8,6.898512445367837,1.111,186.1592,169.0588,129.75482,3
62317,322,303.2,262.2,7.5527421547685325,1.114,217.9544,212.45663,202.23701,3
70609,327,311.5,292.8,8.2980188976731,1.025,208.56041,200.5968,170.70555,3
71878,413,308.2,301.0,5.295485035492431,0.952,197.24283,198.10875,186.02002,3
63190,388,317.2,257.2,5.274663614101898,0.8096,196.48964,181.33842,135.74097,3
47936,314,276.0,225.6,6.109594119131824,0.914,206.88098,200.82738,160.3926,3
59965,345,286.2,271.8,6.330959158916595,1.0,201.497,198.4237,171.73827,3
71562,425,349.8,263.0,4.978682983555826,1.257,217.13556,207.18404,174.82547,3
65089,380,314.0,266.2,5.664352471731469,1.111,206.40323,197.72002,149.44716,3
81287,434,373.8,279.2,5.42314854918035,1.237,211.95152,201.31053,164.81947,3
54602,349,299.0,233.9,5.633360713666058,1.267,191.53792,186.64203,170.73166,3
54765,352,287.0,245.4,5.554278204863282,1.059,209.62062,199.11763,151.42809,3
59104,389,304.2,251.9,4.908259718023833,1.086,209.61649,203.00468,182.41385,3
59656,338,292.0,263.8,6.561914895926357,1.0,198.97377,191.79262,148.60205,3
72654,393,342.5,273.0,5.911317591021317,1.189,208.05438,197.9518,155.0221,3
57901,325,292.0,253.9,6.888572070456903,1.059,199.78557,187.6462,147.4445,3
74393,390,322.5,297.5,6.146285398514279,0.909,192.9391,194.15369,181.6961,3
56245,355,285.8,251.5,5.608375443004417,1.088,198.56343,193.47064,160.88188,3
64010,338,309.2,265.0,7.04083700697744,1.177,200.44978,193.91664,154.53223,3
51934,325,267.8,250.8,6.178668795134952,1.0,178.88672,155.0906,94.693275,3
59658,376,293.0,260.5,5.302770895423831,1.117,188.73547,183.55342,149.84335,3
70628,407,349.8,258.5,5.357941332280664,1.257,193.33627,178.41187,126.14597,3
75326,368,328.5,295.2,6.989709600198037,1.0,202.16542,193.20737,144.68335,3
62487,310,296.2,272.0,8.171017695936126,1.053,185.58252,177.19556,152.95059,3
59613,364,329.2,231.6,5.653899373821046,1.4,193.34805,182.26558,134.2628,3
59706,353,296.0,258.2,6.0211359043161305,1.086,195.0474,192.00883,161.51907,3
62960,390,317.5,254.8,5.20170081446452,1.111,202.14505,183.09755,118.33627,3
60311,341,308.2,250.2,6.517749057220149,1.117,177.12563,167.2911,127.115944,3
51680,375,286.8,231.9,4.618169126045028,1.091,196.54213,174.48389,91.0909,3
67388,381,311.8,276.0,5.833678349973036,1.139,203.92888,194.55049,142.90195,3
53446,304,278.8,245.8,7.267380581880197,1.125,184.22076,170.51181,121.95962,3
64057,350,301.2,274.8,6.571134713828616,1.0,202.11485,191.69101,156.06906,3
57367,356,322.2,229.0,5.688162661232346,1.3125,200.20613,197.90532,188.08217,3
67978,382,343.8,252.8,5.853983865730845,1.294,196.76024,186.85641,146.75261,3
64411,382,309.0,266.8,5.546808596539902,1.143,202.9445,185.69388,139.29156,3
67219,377,311.8,276.8,5.943184475558184,1.0,190.56392,179.11127,121.24712,3
69793,378,305.2,294.8,6.1381589561320355,0.95,198.02895,193.03726,157.23438,3
51037,312,275.8,239.9,6.588488833878299,1.0,185.0964,182.2935,158.1326,3
61754,352,309.8,255.4,6.263104104138175,1.056,181.82526,171.71434,136.44695,3
71941,419,327.5,282.0,5.149419679584949,1.05,201.69727,193.23727,150.02734,3
57743,356,331.8,223.2,5.725444533399679,1.5,191.78537,173.74028,111.28217,3
57169,397,295.2,248.2,4.558158745073565,1.156,179.46497,166.29556,121.32225,3
64616,401,318.2,264.5,5.049648967465577,1.135,202.22781,189.14278,150.43295,3
60513,365,334.0,234.2,5.707853518384061,1.4,202.86699,186.99736,116.1764,3
73590,406,363.2,263.5,5.610177470399012,1.211,204.34344,188.82538,140.8501,3
77918,395,352.2,283.2,6.275574206246678,1.154,210.61029,204.58954,164.1023,3
62015,337,315.0,251.6,6.861938325154612,1.177,204.87445,196.29623,150.12305,3
62251,342,307.2,259.2,6.68811888371185,1.177,196.99542,186.59824,146.34274,3
58479,321,293.5,256.2,7.131809543357596,0.8945,192.65443,185.50755,150.11708,3
52858,364,268.2,253.0,5.0132322329262555,1.029,185.2276,170.08762,125.290695,3
64354,375,291.0,284.0,5.750728636561566,0.974,201.61374,191.96739,143.2899,3
70784,375,344.2,263.5,6.325318951586131,1.167,201.76526,188.81308,133.82253,3
53463,365,267.8,258.2,5.042866370091833,1.029,205.87762,195.23314,154.85402,3
65876,371,302.2,280.8,6.014357862784525,1.0,205.51921,195.11089,147.55606,3
53926,336,278.0,247.6,6.002463344582029,1.125,213.87856,205.69545,162.80875,3
60539,372,284.0,276.5,5.4974239118878625,0.9473,216.88306,204.93697,155.57242,3
77074,367,341.5,290.5,7.190939488236744,1.1,193.48653,184.29495,149.85948,3
67914,421,302.5,290.2,4.815096359778995,1.0,195.84511,189.29408,140.58202,3
53424,301,270.0,255.2,7.409915825449216,1.028,201.71834,192.34654,157.55981,3
65512,383,298.5,282.8,5.612200449167273,1.0,185.33711,173.86162,147.85715,3
54402,335,279.8,251.4,6.091652431832192,0.9165,179.33122,154.75703,99.18084,3
61936,351,300.2,264.2,6.317405949391237,1.117,191.1196,162.15732,80.31409,3
55723,359,312.8,229.1,5.433197055764125,1.117,184.23639,185.77002,182.30847,3
52441,337,279.0,240.1,5.802578532765185,1.125,207.10646,183.09183,107.06638,3
48915,352,275.5,230.2,4.960969933185199,1.094,205.83806,191.96321,141.70262,3
62047,362,298.5,266.0,5.94995266863911,1.086,193.1275,169.99799,113.96157,3
57967,332,304.5,244.8,6.6086769251937705,1.182,207.7363,199.26726,155.42776,3
62234,377,301.2,264.8,5.502434470192774,1.147,211.72852,203.30516,162.08894,3
51824,296,278.8,237.8,7.432884298741666,1.156,200.61136,197.28526,170.80798,3
76990,411,357.2,275.2,5.727439889649675,1.277,200.60869,187.76735,140.49147,3
67285,365,310.2,278.8,6.346618478417391,1.053,191.77777,182.68503,151.03044,3
63891,328,297.0,276.5,7.462801019873047,0.925,178.92427,169.11665,143.71823,3
59270,388,330.0,231.1,4.947449159800909,1.3125,201.23567,176.63069,109.685104,3
71402,360,314.5,297.0,6.9233332917166175,0.952,208.66325,205.87906,178.45337,3
55078,341,294.8,239.8,5.952224015081351,1.1875,194.78787,177.08751,114.40004,3
50881,356,292.2,224.5,5.045050366345862,1.267,174.37823,155.7152,103.950676,3
54403,323,294.2,238.6,6.552811399831131,1.1875,182.35645,168.21848,122.50205,3
69816,408,358.5,250.9,5.270411204897756,1.353,202.86319,187.34679,145.64276,3
55643,309,301.2,237.6,7.323242949851671,1.151,185.37509,168.77246,117.97153,3
78330,388,321.2,316.0,6.538445970764388,0.9546,209.76704,196.96307,143.67004,3
49924,353,263.2,243.5,5.034656297308119,0.9707,206.41089,187.09558,140.68372,3
78774,375,326.8,311.8,7.039312204625987,1.048,198.0947,189.63753,153.9971,3
56461,370,272.5,265.2,5.182687006992937,0.972,214.14589,199.96706,135.32686,3
62775,317,334.5,241.1,7.850151910322494,1.272,190.0725,180.37328,143.68852,3
70922,373,317.2,288.8,6.40579704239649,1.0,207.20995,191.19089,128.99734,3
57607,359,279.5,265.2,5.616893971814222,0.9473,181.7252,172.11118,149.95409,3
68802,407,360.2,245.0,5.219418354527584,1.333,196.99438,190.42493,180.04955,3
69793,366,332.2,268.8,6.54725957992154,1.162,201.1325,187.90373,143.70316,3
72887,398,365.5,255.1,5.78220912962297,1.383,185.66078,178.2634,156.80438,3
74355,414,356.8,268.2,5.451541967319402,1.211,187.37991,172.83075,111.59387,3
70950,404,328.8,275.8,5.462601675624836,1.167,189.43234,179.81903,136.70598,3
58222,374,304.0,247.6,5.230627340710485,1.177,200.31918,187.97171,166.25426,3
53570,317,293.0,235.1,6.69904640121029,1.088,184.98613,173.15695,133.12222,3
68514,333,306.2,289.0,7.764271625429072,1.025,184.1026,170.85297,130.5096,3
64826,386,312.8,266.2,5.467445712948319,1.111,186.78333,178.75322,142.80167,3
74164,411,330.2,290.8,5.517208104636686,0.952,181.46922,173.99841,142.39436,3
56470,389,284.5,257.8,4.689520612425654,1.058,202.35153,183.81306,134.00319,3
58799,401,302.0,250.0,4.595058648601096,1.088,193.20105,186.09909,171.43332,3
71292,418,332.5,276.5,5.1274106238347,1.105,204.23666,196.78831,175.46526,3
60178,359,302.5,259.5,5.867575909799786,1.0,200.56706,194.69717,172.5291,3
65493,339,293.2,288.2,7.161522355759393,1.0,208.25851,204.64763,176.53653,3
53166,366,296.2,232.9,4.9874858915093,1.1875,200.01308,192.83267,155.41846,3
60045,337,303.0,254.6,6.643958505747136,1.147,193.91975,182.65771,150.76703,3
61655,377,288.0,274.2,5.451242042287744,0.921,180.2219,168.83754,119.95508,3
62214,391,304.8,261.2,5.113808657725562,1.147,188.6249,177.84262,141.28145,3
87271,444,344.0,326.2,5.563061692870604,0.9565,195.3829,188.49077,164.43423,3
60962,351,301.0,261.0,6.218058988097206,1.056,190.19409,184.55202,156.76424,3
66789,399,326.8,263.2,5.271922456281272,1.079,192.12537,184.0436,145.00983,3
60393,384,301.5,261.5,5.146761206820973,0.9,192.20163,177.30377,134.32246,3
60466,383,339.0,229.2,5.179926003775619,1.375,206.60861,196.18672,156.08972,3
58696,402,323.5,233.8,4.564216786592077,1.25,192.63309,180.7346,130.27455,3
62160,383,301.8,265.0,5.325045486632032,1.056,213.84341,210.28723,182.34074,3
63569,365,321.8,253.2,5.996108940395558,1.177,195.4391,182.59848,133.89043,3
50612,299,285.0,228.5,7.114116727261959,1.2,189.67406,168.16818,96.38128,3
57978,334,310.8,241.4,6.531007166618704,1.027,205.8488,197.33682,170.65215,3
58550,372,289.8,260.2,5.316806852459313,0.9473,197.18637,181.01625,126.48201,3
55887,329,285.2,255.5,6.4882692743479,1.151,193.91086,175.76141,107.812355,3
71249,388,326.0,279.5,5.947373126145689,1.167,203.37863,190.95164,141.39778,3
61322,389,332.8,237.8,5.092452328584487,1.281,180.59596,173.47003,151.17535,3
69139,365,324.2,274.2,6.521495949755518,0.975,203.63173,193.41048,164.9634,3
62921,374,318.2,254.6,5.652782503260698,0.85,192.6722,181.68053,143.86621,3
64754,409,335.5,252.5,4.864406374676227,1.235,196.93196,190.8677,172.58589,3
64473,402,338.5,244.1,5.013437864282932,1.344,219.46674,204.6063,146.19897,3
45548,263,274.5,214.1,8.274993837453652,1.25,191.7284,174.89395,92.77392,3
57141,341,307.8,242.4,6.175170348338056,1.177,210.99736,191.95262,135.48575,3
63089,369,300.0,269.2,5.822517135518289,1.086,195.50967,176.11722,104.75868,3
61377,336,292.5,269.5,6.831828667069895,1.086,215.35753,203.97397,165.20575,3
72457,378,340.2,273.8,6.372452588145786,1.158,207.58727,197.06218,158.13684,3
49329,338,267.5,240.2,5.4259873256864575,1.0,201.56766,179.42383,85.03474,3
56056,340,273.2,264.5,6.09360269168268,0.9443,198.69218,195.40886,185.59267,3
61118,397,300.2,262.2,4.873017652598544,1.056,189.79912,181.60744,156.60158,3
47920,297,280.0,223.0,6.826746475304011,0.7896,212.76338,197.1591,123.89583,3
58343,367,298.8,251.8,5.443352914889539,1.117,222.57486,209.94424,146.91466,3
73120,437,330.5,284.8,4.811529721169104,1.025,188.95108,176.98576,145.86589,3
76782,417,332.2,300.0,5.548775762191547,1.023,210.20139,199.85393,140.53862,3
63083,360,309.8,262.8,6.116700289086571,0.8335,212.01315,200.43149,135.66704,3
68510,358,318.0,278.2,6.717346921052299,0.857,212.85333,204.27643,186.88295,3
56164,332,284.5,254.6,6.403121272906704,1.0,205.45506,198.81152,157.30191,3
54626,384,321.2,218.2,4.65529080661339,1.333,214.14229,199.37944,156.8844,3
54483,317,275.0,254.8,6.813219060614901,1.059,213.94191,200.82297,144.73929,3
50596,312,274.0,237.8,6.531559085348009,0.8647,225.16959,209.70302,153.8455,3
61234,321,301.0,260.2,7.467795714324099,0.875,202.51251,201.5007,196.63628,3
57983,318,301.0,249.4,7.2053703110279255,0.8467,203.95683,196.12753,142.90793,3
59968,366,285.2,270.5,5.625579391754687,0.9736,196.005,188.36688,158.81471,3
74449,384,345.5,277.0,6.344629759849894,1.189,209.05154,193.30804,155.79015,3
79890,430,364.2,280.2,5.429569217853728,1.243,207.5887,193.70474,139.67331,3
61130,418,295.5,265.0,4.396546757490535,1.086,218.38004,204.83356,152.60349,3
58504,370,337.2,222.8,5.370218746694441,1.344,217.22597,201.67163,156.57768,3
70449,381,324.0,278.5,6.0986645408270075,1.105,204.24399,192.67442,158.81686,3
56606,334,310.2,234.0,6.3764564433684905,1.25,191.44244,181.68896,142.24706,3
47162,350,260.2,233.8,4.838001395219651,1.03,218.09784,200.69525,121.02176,3
74858,395,317.2,302.0,6.029119509371569,1.0,206.08218,199.9414,155.19446,3
59766,315,302.5,253.1,7.569077411315599,1.117,203.08983,200.31839,161.2946,3
54442,360,267.8,263.5,5.278845285393071,0.921,216.40471,206.00449,165.03009,3
54502,325,304.5,231.9,6.484187751231277,1.177,190.12154,178.63142,127.76909,3
57892,342,284.8,261.8,6.219796925605154,1.058,200.71747,191.90767,167.97662,3
77851,423,359.8,279.0,5.467557068437626,1.158,196.90501,177.5051,121.40051,3
71052,371,317.0,289.2,6.486917160522286,1.024,218.55038,212.41858,180.97183,3
57481,399,302.2,248.0,4.5372048497432775,1.25,213.45422,203.42087,150.76921,3
69115,363,331.0,268.0,6.591267331553204,1.167,207.77325,197.34265,168.7101,3
70181,362,314.2,286.2,6.729956778535004,0.975,215.68646,207.1758,171.28952,3
62629,396,311.8,260.0,5.018743146150269,1.081,219.60173,196.94164,138.78496,3
52547,344,293.0,230.8,5.580086167123541,1.1875,213.36662,196.23169,156.37021,3
57805,351,302.2,246.2,5.896048354826925,1.177,210.99622,203.4731,160.5612,3
62101,396,292.0,274.2,4.97643213398071,0.9736,202.1439,194.00032,176.91428,3
69003,395,322.5,275.8,5.557553414533735,1.025,194.82796,190.11624,155.76828,3
64252,381,339.8,241.8,5.56219952131637,1.386,214.17601,200.78615,160.58472,3
69788,375,316.0,283.5,6.236315537314829,1.105,208.13939,203.0043,175.31589,3
62766,410,296.5,271.0,4.692092908868934,1.026,216.4688,209.57558,176.02127,3
58095,319,302.5,247.8,7.174097157468933,1.177,202.91096,197.21394,177.29947,3
60483,370,342.2,227.0,5.551875776977983,1.467,196.94206,172.23102,89.74932,3
64961,332,301.0,278.0,7.406045883649534,0.95,196.26573,182.08795,124.27694,3
61404,348,298.0,265.0,6.3715931860558745,0.9473,197.42993,190.21573,170.03996,3
72605,410,346.5,269.8,5.427610579747458,1.294,196.5662,187.57416,164.30325,3
60659,402,313.5,247.9,4.716860195888796,1.25,183.31627,170.82687,133.9614,3
57224,347,301.2,243.6,5.972128263137218,1.1875,179.09685,157.89783,107.30261,3
71841,429,324.8,284.0,4.9053234404626,1.052,206.57594,197.1433,156.04617,3
63477,354,316.8,262.2,6.3653125497755845,1.167,189.32889,183.21156,162.07036,3
67613,369,304.5,285.2,6.240039485231944,1.0,188.90886,178.33711,153.09193,3
57939,322,293.5,252.9,7.022134051785773,0.9165,191.28261,182.26454,142.87032,3
71390,366,324.2,284.5,6.697073652237312,1.105,201.67342,189.53859,156.32906,3
55470,313,299.2,240.4,7.115072910599305,1.147,197.3478,189.84752,153.70145,3
70437,338,325.5,276.5,7.747780600850959,1.105,197.3931,195.11188,174.50693,3
75672,390,328.5,296.2,6.251955273700114,1.05,177.02734,172.3527,159.29735,3
74573,396,320.2,304.8,5.975869527501063,0.9316,190.33255,182.98698,153.12616,3
59022,334,285.2,266.5,6.64860990355254,0.9473,178.45818,173.42175,153.9781,3
52423,320,300.0,224.2,6.433269987466317,1.267,179.3747,165.06096,131.14494,3
49368,340,262.2,241.9,5.366579450602799,0.9707,205.59944,179.40262,94.89593,3
59191,331,293.5,259.8,6.789058543044822,1.086,186.71564,178.11101,135.31915,3
77228,398,330.8,301.8,6.126585627924359,1.05,206.55516,201.19574,187.72803,3
66823,374,308.5,281.0,6.003335694210036,1.081,205.916,202.66734,175.9454,3
65434,393,294.8,291.5,5.323879693490913,0.95,199.12505,184.5076,147.03331,3
61286,372,291.2,270.2,5.565257468143833,1.027,197.88763,187.93599,141.97702,3
74957,383,328.5,297.2,6.421322949508964,1.048,187.61464,186.83081,173.39272,3
59596,332,294.0,259.8,6.794395259955629,1.088,196.72694,193.19644,176.42456,3
60220,356,294.8,261.5,5.971048781693516,1.056,182.06294,181.18288,162.69751,3
47428,302,278.2,221.0,6.53477726303481,0.763,198.8418,189.41705,143.27586,3
51170,357,277.5,237.1,5.0453215351768845,1.125,175.51375,171.45645,134.52684,3
63247,352,298.2,275.8,6.414524488687811,0.9,184.5683,180.55945,158.02318,3
56008,357,307.0,235.2,5.522344509325523,1.212,189.41463,176.40706,128.20482,3
52076,326,292.2,228.1,6.157611465555425,1.267,206.88414,201.86403,187.73601,3
62885,369,309.2,262.8,5.803689867759318,1.111,206.63628,197.05626,140.7954,3
64201,354,307.2,270.8,6.437913433340301,1.026,198.03873,193.5058,173.38371,3
52006,311,265.0,251.2,6.7568229254284295,0.9443,218.92088,216.21121,177.21542,3
45440,295,267.2,218.1,6.561515434834597,1.167,200.56836,197.34592,186.02385,3
55834,369,282.5,256.5,5.152949353207821,1.027,209.06358,198.99739,170.3438,3
68319,373,306.8,287.5,6.170689604628828,1.0,196.49997,192.67244,155.34749,3
64556,394,337.0,245.9,5.225815026028568,1.235,186.17041,188.19041,178.86966,3
60010,365,283.0,273.2,5.66040833603073,0.923,178.63211,174.68149,156.29398,3
62368,388,323.2,248.5,5.206048746388783,1.25,182.80423,163.68709,130.08583,3
50598,313,304.8,212.2,6.490147090869004,1.429,216.02219,206.20139,173.05939,3
51300,336,281.8,232.8,5.710165218578386,1.2,193.91519,196.6052,199.95795,3
50960,346,272.2,241.1,5.349178443213467,0.9707,192.81541,182.19952,144.51862,3
56494,359,299.2,241.9,5.508372386058512,1.1875,208.35258,201.23187,155.86913,3
62533,358,295.0,271.2,6.131307181640103,1.056,201.33664,193.1484,152.58936,3
62741,366,305.5,263.2,5.885713657585393,1.111,208.23016,198.77167,146.86679,3
73655,357,332.2,288.2,7.262324754220314,1.075,212.46977,200.6563,149.76418,3
66876,334,306.0,281.0,7.533333941750189,1.053,206.17249,208.26874,205.90851,3
52637,329,272.2,248.8,6.11095656939629,0.9443,219.10527,210.4032,170.22316,3
63484,328,299.8,271.0,7.415261303557943,1.111,198.17319,194.97694,170.94301,3
57104,235,310.0,243.1,12.993934405837324,0.802,179.58961,174.31113,162.45085,3
68788,330,307.0,286.8,7.937699741235434,1.026,209.60292,191.62312,128.94933,3
64768,379,308.8,268.2,5.666200402049658,1.143,212.11795,202.51279,158.40477,3
60070,322,303.8,253.8,7.280408576101959,1.111,216.74292,210.31833,179.6352,3
63487,369,330.0,247.1,5.85924876575393,1.167,192.45775,176.67726,131.27464,3
58078,353,282.2,265.5,5.856957944777279,1.0,214.04106,202.80406,151.43645,3
49518,388,309.2,205.5,4.133419731652125,1.357,185.2163,178.00679,158.72021,3
56161,324,277.5,261.0,6.7228694184673214,1.0,212.99364,204.70264,160.40288,3
45745,186,254.1,230.2,16.616043003638005,1.096,206.6247,204.77498,193.2392,3
56697,345,293.0,250.1,5.985931650681134,1.056,189.21855,178.27495,131.17099,3
80976,411,330.2,315.2,6.0239663917946755,0.9546,213.5281,202.85513,148.35846,3
59848,367,277.5,276.0,5.5837681512830875,1.0,188.60262,179.19577,124.44388,3
59889,347,288.5,265.8,6.250258450143731,0.921,195.69974,197.87892,196.07947,3
60015,356,293.8,263.8,5.9507222290490915,0.919,183.09207,176.98306,154.2564,3
89177,468,370.2,308.5,5.116476880509478,1.2,202.84735,194.52534,175.16205,3
69883,374,312.2,287.2,6.278244142263591,1.053,211.72476,201.34807,150.97571,3
64633,393,312.2,265.8,5.258708259152707,1.081,209.00607,198.50468,169.73906,3
64657,407,318.2,263.2,4.9049727122567655,1.177,192.89116,171.27806,103.17594,3
69508,447,327.5,273.0,4.37149121742703,1.105,207.23561,200.72858,171.55214,3
58391,344,292.5,257.0,6.200673899261817,1.056,208.01431,196.49399,167.13617,3
62572,364,317.5,253.5,5.934540982985767,1.212,205.87126,192.30228,155.90228,3
59547,363,286.2,268.8,5.678799042060315,0.9,197.65587,185.09883,129.4653,3
45475,337,271.2,215.1,5.031793039367991,1.0,186.10976,174.03354,124.28166,3
64275,360,311.5,264.5,6.232279870663085,1.111,194.47858,176.57195,137.53821,3
54603,362,286.2,245.6,5.236115615028951,1.088,186.20999,183.85312,166.94685,3
53664,365,329.5,211.9,5.061825578149526,1.464,191.58821,175.38812,109.59967,3
55097,294,284.2,249.2,8.010196234663187,1.059,180.40265,157.60892,101.74437,3
69160,403,313.5,283.8,5.351244030128135,1.0,195.03665,187.37291,166.69173,3
75010,379,312.8,308.5,6.5622173319809916,0.952,194.8544,195.9475,194.30446,3
62269,390,294.5,274.2,5.144610991357865,1.026,208.7667,199.12766,168.03902,3
67911,449,320.2,274.0,4.233088103688701,1.025,204.60387,200.09119,185.56212,3
65699,356,304.8,279.8,6.51431308383398,1.053,197.67943,182.79637,151.74118,3
73917,390,318.5,304.5,6.106958689688277,1.0,187.7539,182.98111,167.61913,3
64418,388,323.8,255.0,5.377168550296187,0.75,188.44798,174.66377,122.30571,3
58689,355,297.0,253.9,5.852074786638568,0.919,191.78078,185.78313,147.01291,3
58158,337,284.5,261.8,6.43516260766495,1.0,178.68115,168.86417,113.233376,3
64762,338,318.0,262.5,7.123553917292188,0.9,179.73125,175.24506,149.01501,3
65935,355,295.0,286.8,6.574597472388589,0.974,206.52586,200.44768,176.425,3
77741,448,344.0,291.2,4.867477568612965,1.1,215.6349,209.00195,186.25937,3
67749,380,346.8,250.8,5.895838246206507,1.294,210.77797,198.74725,158.30542,3
48765,292,261.2,243.2,7.187078520937618,0.9443,184.38129,171.46959,134.45007,3
56543,317,286.0,253.2,7.070826594430343,1.059,207.46864,195.74223,160.641,3
70807,389,323.0,282.0,5.880129024331916,1.025,193.13405,187.58208,171.82166,3
73964,386,336.2,281.2,6.238147575240019,1.154,206.46454,196.76346,153.83766,3
69195,388,306.8,288.8,5.775919429937979,1.0,199.53532,196.83197,178.17802,3
84733,406,367.8,296.8,6.45967071068514,1.15,207.95576,192.03012,154.66132,3
51962,360,304.0,221.4,5.038377699562742,1.3,201.45653,190.41016,158.27022,3
57699,353,306.2,241.6,5.818737154442375,1.226,200.76077,185.74405,133.8749,3
76691,414,342.8,286.8,5.622812252245206,1.158,195.77745,192.43831,174.78804,3
60299,397,331.8,235.2,4.807717717105265,1.3125,188.74274,181.46367,166.91733,3
65228,383,298.8,281.8,5.587871090766316,1.0,212.58942,195.61107,138.55162,3
69188,425,323.8,274.8,4.813520000366961,1.139,195.88222,178.353,110.62881,3
59971,333,313.2,245.2,6.796145804486775,1.177,194.42607,178.30424,124.60304,3
62962,429,298.8,272.5,4.299062853501569,0.9473,199.4583,185.27176,139.24051,3
62290,360,303.2,263.0,6.039808839262599,1.117,199.70561,198.08328,195.35051,3
67867,372,308.0,286.8,6.162864742200789,0.9756,200.45422,190.83347,149.13182,3
64680,380,305.0,275.2,5.628759358287751,0.9,203.07253,190.14006,144.98967,3
65325,354,302.8,278.5,6.550625302299889,0.95,199.23485,195.20912,166.60957,3
68593,375,324.2,272.5,6.129529312360808,1.162,203.56027,198.56194,167.85333,3
62881,348,296.5,273.2,6.524854262464651,0.923,183.8198,164.6325,110.67978,3
68071,349,313.5,279.5,7.022975296508594,1.105,190.7207,185.46735,166.55362,3
58027,379,323.0,229.6,5.076466939379562,1.4,195.09717,186.9257,138.73769,3
63361,338,297.5,274.5,6.969449673474419,1.056,192.39104,184.18567,145.3245,3
50871,358,287.2,227.6,4.987858053143359,1.193,191.62143,181.85394,153.97629,3
60111,345,322.2,240.6,6.346373484559917,0.727,182.14131,167.13635,111.43761,3
60610,404,288.2,270.8,4.666501586464007,0.9473,200.96402,195.45464,166.72221,3
70835,378,327.8,279.0,6.229800834719996,1.05,210.56439,201.7423,174.48216,3
64290,372,319.8,260.2,5.838044620744821,1.026,192.90726,177.38016,122.40113,3
58303,343,293.8,258.8,6.22748264693268,1.117,205.8076,197.87656,163.90369,3
65850,361,301.0,283.8,6.349671234532819,1.0,206.85614,196.70442,151.79515,3
72576,328,331.0,283.8,8.477254180061452,0.864,201.01048,197.65167,177.38313,3
54278,372,304.8,228.1,4.928875189372956,1.25,187.2528,182.54442,165.25256,3
68868,352,324.0,272.0,6.984607530585675,1.167,190.7499,185.25371,154.3329,3
59933,370,286.0,267.8,5.501389992917372,1.088,199.72043,199.08675,188.7889,3
62388,380,301.0,268.0,5.4292986834393355,1.026,208.95332,205.90437,190.25824,3
62704,388,318.8,252.9,5.234095699614581,0.744,186.35957,178.27063,148.23279,3
61547,376,336.8,236.1,5.470676863130687,1.3125,185.93275,181.95227,160.49274,3
73369,405,327.2,288.8,5.620984884041568,1.105,218.09515,216.65132,193.99702,3
64333,381,338.8,245.9,5.569211570143279,1.294,211.1305,204.01651,175.74544,3
66451,434,336.5,264.2,4.433349050175101,1.1,207.37465,192.54935,131.19263,3
